car_name,year,price,assemble_place,series,km,engine_type,transmission,url
Kia Carnival 2.2D Signature,2022,1 tỉ 360 triệu,Trong nước,MPV,70.000 km,Máy dầu,Số tự động,https://oto.com.vn//mua-ban-xe-kia-carnival-ha-noi/xe-gia-dinh-can-ban-aidxc23065805
Honda CR-V 1.5 L,2023,985 triệu,Trong nước,SUV,7.000 km,Máy xăng,Số tự động,https://oto.com.vn//mua-ban-xe-honda-cr-v-hcm/sensing-cuoi-2023-odo-chi-7000-km-cuc-ky-moi-aidxc23065792
Mazda 3 1.5L Luxury,2018,475 triệu,Trong nước,Sedan,40.000 km,Máy xăng,Số tự động,https://oto.com.vn//mua-ban-xe-mazda-3-hcm/odo-chi-40000km-cuc-sieu-luot-aidxc23065793
Mazda 3 Sedan 1.5L Luxury,2022,620 triệu,Trong nước,Sedan,7.000 km,Máy xăng,Số tự động,https://oto.com.vn//mua-ban-xe-mazda-3-ha-noi/xe-moi-di-7000km-aidxc23042525
Chevrolet Colorado LT 2.5 MT 4x2,2017,385 triệu,Trong nước,Bán Tải,90.000 km,Máy xăng,Số sàn,https://oto.com.vn//mua-ban-xe-chevrolet-colorado-ha-noi/gia-385tr-aidxc23017346
Nissan Navara EL premium r 2.5 AT,2018,445 triệu,Trong nước,Bán Tải,86.000 km,Máy dầu,Số tự động,https://oto.com.vn//mua-ban-xe-nissan-navara-ha-noi/gia-445tr-aidxc23015934
Toyota Wigo 1.2 G AT,2022,350 triệu,Nhập khẩu,Hatchback,31.000 km,Máy xăng,Số tự động,https://oto.com.vn//mua-ban-xe-toyota-wigo-hcm/xe-nhap-khau-sieu-cop-2-van-km-con-bao-hanh-chinh-hang-aidxc23065018
Mitsubishi Xpander 1.5 AT,2020,540 triệu,Nhập khẩu,SUV,22.000 km,Máy xăng,Số tự động,https://oto.com.vn//mua-ban-xe-mitsubishi-xpander-hcm/xe-mau-trang-sieu-cop-full-lich-su-hang-co-bao-hanh-bao-check-hang-aidxc23064493
Mercedes-Benz S550,2006,360 triệu,Nhập khẩu,Sedan,8.700 km,Máy xăng,Số tự động,https://oto.com.vn//mua-ban-xe-mercedes-benz-s550-ha-noi/toi-can-ban-s-550-sx-2006-chinh-chu-xe-ban-du-xe-rat-dep-aidxc23052400
Hyundai Grand i10,2015,188 triệu,Nhập khẩu,,01 km,Máy xăng,Số sàn,https://oto.com.vn//mua-ban-xe-hyundai-grand-i10-ha-noi/nhap-han-aidxc23042676
Toyota Corolla Altis 2.0V,2009,310 triệu,Nhập khẩu,Sedan,90.000 km,Máy xăng,Số tự động,https://oto.com.vn//mua-ban-xe-toyota-corolla-altis-ha-noi/310tr-aidxc23045912
Ford Everest Ambiente 2.0 AT 4x2,2018,780 triệu,Nhập khẩu,SUV,95.000 km,Máy dầu,Số tự động,https://oto.com.vn//mua-ban-xe-ford-everest-hcm/bao-hanh-hang-1-nam-aidxc23059927
Hyundai Avante,2016,247 triệu,Trong nước,,01 km,Máy xăng,Số tự động,https://oto.com.vn//mua-ban-xe-hyundai-avante-ha-noi/lan-banh-2016-mau-trang-ep-nha-di-it-va-giu-gin-nen-xe-con-rat-moi-aidxc23058744
Hyundai Veracruz,2009,270 triệu,Nhập khẩu,SUV,12.000 km,Máy xăng,Số tự động,https://oto.com.vn//mua-ban-xe-hyundai-veracruz-ha-noi/gd-ban-huynh-dai-37-v6-sx2009-5-cho-nhap-khau-chinh-chu-aidxc23052399
Toyota Camry MT,2004,139 triệu,Trong nước,,01 km,Máy xăng,Số sàn,https://oto.com.vn//mua-ban-xe-toyota-camry-ha-noi/xe-gia-dinh-di-nen-con-moi-so-voi-doi-duoc-bao-duong-dinh-ki-aidxc23063801
Lexus RX 300,2023,3 tỉ 180 triệu,Nhập khẩu,SUV,10.000 km,Máy xăng,Số tự động,https://oto.com.vn//mua-ban-xe-lexus-rx-300-ha-noi/ve-ngoai-manh-me-thu-hut-moi-anh-nhin-aidxc23062175
Lexus RX 350,2024,3 tỉ 430 triệu,Nhập khẩu,,5.000 km,Máy xăng,Số tự động,https://oto.com.vn//mua-ban-xe-lexus-rx-350-ha-noi/sang-trong-the-thao-khoe-khoan-aidxc23062168
Lexus IS 350,2007,559 triệu,Nhập khẩu,Sedan,68.000 km,Máy xăng,Số tự động,https://oto.com.vn//mua-ban-xe-lexus-is-350-hcm/mau-den-up-ful-model-2020-sieu-dep-aidxc23054514
Mercedes-Benz C300 AMG,2019,1 tỉ 179 triệu,Trong nước,Sedan,37.000 km,Máy xăng,Số tự động,https://oto.com.vn//mua-ban-xe-mercedes-benz-c300-hcm/mau-den-zin-1-doi-chu-aidxc23048329
Mercedes-Benz E200 2.0 I4,2019,1 tỉ 179 triệu,Trong nước,Sedan,50.000 km,Máy xăng,Số tự động,https://oto.com.vn//mua-ban-xe-mercedes-benz-e200-hcm/mau-do-noi-that-den-sieu-dep-aidxc23062139
Mercedes-Benz GLA 250 4Matic,2015,678 triệu,Nhập khẩu,SUV,46.000 km,Máy xăng,Số tự động,https://oto.com.vn//mua-ban-xe-mercedes-benz-gla-250-hcm/gam-cao-4matic-mau-nau-dep-xuat-sac-aidxc23061878
VinFast VF9 Premium,2023,1 tỉ 259 triệu,Trong nước,MPV,11.000 km,Máy xăng,Số tự động,https://oto.com.vn//mua-ban-xe-vinfast-vf9-hcm/plus-6-cho-model-2024-odo-11111-miles-tu-hao-thuong-hieu-viet-aidxc23047550
Mercedes-Benz GLC 300 4Matic V1,2017,1 tỉ 159 triệu,Trong nước,SUV,20.000 km,Máy xăng,Số tự động,https://oto.com.vn//mua-ban-xe-mercedes-benz-glc-300-hcm/mau-nau-sieu-cop-hiem-co-aidxc23054509
Mercedes-Benz GLS 450 4Matic,2022,4 tỉ 659 triệu,Nhập khẩu,SUV,3.000 km,Máy xăng,Số tự động,https://oto.com.vn//mua-ban-xe-mercedes-benz-gls-450-hcm/ban-v1-mau-trang-sieu-luot-chi-3000-km-aidxc23064303
Lexus LX 600 Ultra Luxury,2024,8 tỉ 500 triệu,Nhập khẩu,,8.000 km,Máy xăng,Số tự động,https://oto.com.vn//mua-ban-xe-lexus-lx-600-ha-noi/ho-tro-ngan-hang-thu-tuc-nhanh-uy-tin-aidxc23062173
MG 5 1.5L Luxury,2023,560 triệu,Nhập khẩu,Sedan,2.833 km,Máy xăng,Số tự động,https://oto.com.vn//mua-ban-xe-mg-5-hcm/xe-moi-di-hon-2000-km-aidxc23047212
Ford Ranger Wildtrak 4x4 AT,2022,790 triệu,Trong nước,Bán Tải,33.000 km,Máy dầu,Số tự động,https://oto.com.vn//mua-ban-xe-ford-ranger-hcm/len-nhieu-trang-bi-xe-luot-dep-aidxc23042139
Kia K3 1.6MT,2016,358 triệu,Trong nước,,75.000 km,Máy xăng,Số sàn,https://oto.com.vn//mua-ban-xe-kia-k3-hai-phong/xe-danh-cho-gia-dinh-gia-ca-thuong-luong-aidxc23048378
Kia Cerato 1.6 MT,2016,348 triệu,Trong nước,,100.000 km,Máy xăng,Số sàn,https://oto.com.vn//mua-ban-xe-kia-cerato-hai-phong/xe-chuan-gia-dinh-co-thuong-luong-gia-aidxc23054819
Kia K3 1.6MT,2013,298 triệu,Trong nước,,89.000 km,Máy xăng,Số sàn,https://oto.com.vn//mua-ban-xe-kia-k3-hai-phong/xe-gia-dinh-dieu-hoa-mat-lanh-gia-hon-200-aidxc23040345
Mazda 3 1.5L Sedan,2017,448 triệu,Trong nước,,89.000 km,Máy xăng,Số tự động,https://oto.com.vn//mua-ban-xe-mazda-3-hai-phong/facelift-xe-tu-nhan-chinh-chu-aidxc23048384
Kia Cerato 1.6 AT,2019,498 triệu,Trong nước,,76.000 km,Máy xăng,Số tự động,https://oto.com.vn//mua-ban-xe-kia-cerato-hai-phong/trang-ngoc-trinh-dep-me-aidxc23048373
Hyundai Grand i10,2017,218 triệu,Nhập khẩu,,56.000 km,Máy xăng,Số sàn,https://oto.com.vn//mua-ban-xe-hyundai-grand-i10-hai-phong/nhap-khau-may-tiet-kiem-xang-aidxc23048377
MG 5 1.5L Luxury,2023,510 triệu,Nhập khẩu,Sedan,6.000 km,Máy xăng,Số tự động,https://oto.com.vn//mua-ban-xe-mg-5-hcm/sieu-luot-6000km-aidxc23053397
Toyota Corolla Cross 1.8 V,2022,805 triệu,Nhập khẩu,SUV,5.000 km,Máy xăng,Số tự động,https://oto.com.vn//mua-ban-xe-toyota-corolla-cross-ha-noi/gia-con-cuc-tot-aidxc23065509
Mercedes-Benz GLC 250 4Matic,2016,889 triệu,Trong nước,,100.000 km,Máy xăng,Số tự động,https://oto.com.vn//mua-ban-xe-mercedes-benz-glc-250-hai-duong/xe-cuc-chat-cam-ket-chat-luong-aidxc23065505
Mercedes-Benz C300 AMG,2022,1 tỉ 889 triệu,Trong nước,Sedan,4.000 km,Máy xăng,Số tự động,https://oto.com.vn//mua-ban-xe-mercedes-benz-c300-hcm/sieu-luot-4000km-dk-112023-aidxc23065390
Audi A8 L 55 TFSI quattro,2020,2 tỉ 949 triệu,Nhập khẩu,,30.000 km,Máy xăng,Số tự động,https://oto.com.vn//mua-ban-xe-audi-a8-hcm/xe-nhap-my-di-30-nghin-like-new-99-aidxc23039457
Hyundai Kona 1.6 Turbo,2018,505 triệu,Trong nước,SUV,78.999 km,Máy xăng,Số tự động,https://oto.com.vn//mua-ban-xe-hyundai-kona-ha-noi/mot-chu-tu-moi-chay-8-van-km-aidxc23065351
Toyota Camry 2.0G,2022,979 triệu,Nhập khẩu,Sedan,13.000 km,Máy xăng,Số tự động,https://oto.com.vn//mua-ban-xe-toyota-camry-hcm/tiet-kiem-ngay-gan-400tr-aidxc23065252
Kia K3 1.6 Premium,2022,589 triệu,Trong nước,Sedan,12.000 km,Máy xăng,Số tự động,https://oto.com.vn//mua-ban-xe-kia-k3-hai-phong/16-premium-2022-aidxc23047148
Mazda 3 Sport 1.5L Luxury,2022,595 triệu,Trong nước,Sedan,20.000 km,Máy xăng,Số tự động,https://oto.com.vn//mua-ban-xe-mazda-3-hai-phong/15-luxury-2022-aidxc23049461
Toyota Veloz Cross 1.5 CVT,2022,580 triệu,Nhập khẩu,MPV,60.000 km,Máy xăng,Số tự động,https://oto.com.vn//mua-ban-xe-toyota-veloz-cross-vinh-phuc/ban-sx-2022-aidxc23025561
Toyota Camry 2.5Q,2020,920 triệu,Nhập khẩu,Sedan,30.000 km,Máy xăng,Số tự động,https://oto.com.vn//mua-ban-xe-toyota-camry-vinh-phuc/ban-25q-sx-2020-aidxc23025567
Isuzu mu-X,2017,555 triệu,Nhập khẩu,,86.000 km,Máy dầu,Số tự động,https://oto.com.vn//mua-ban-xe-isuzu-mu-x-ha-noi/xe-dang-ki-2018-ban-may-dau-khoe-va-tiet-kiem-aidxc23056540
Kia Cerato,2019,410 triệu,Trong nước,,58.000 km,Máy xăng,Số tự động,https://oto.com.vn//mua-ban-xe-kia-cerato-ha-noi/xe-1-chu-tu-nhan-tu-doi-dau-nuoc-son-zin-bong-aidxc23015143
Toyota Wigo 1.2 G AT,2022,348 triệu,Trong nước,Hatchback,31.000 km,Máy xăng,Số tự động,https://oto.com.vn//mua-ban-xe-toyota-wigo-hcm/hop-so-tu-dong-aidxc23065160
Toyota Raize,2023,545 triệu,Nhập khẩu,,10.000 km,Máy xăng,Số tự động,https://oto.com.vn//mua-ban-xe-toyota-raize-ha-noi/sieu-luot-xe-dep-nguyen-zin-gia-re-sieu-tot-aidxc23048334
MG HS 2.0T AWD Trophy,2020,599 triệu,Nhập khẩu,Crossover,29.000 km,Máy xăng,Số tự động,https://oto.com.vn//mua-ban-xe-mg-hs-hcm/odo-2v9-aidxc23022451
Mitsubishi Xpander 1.5 AT,2021,545 triệu,Trong nước,,55.000 km,Máy xăng,Số tự động,https://oto.com.vn//mua-ban-xe-mitsubishi-xpander-ha-noi/ve-san-1-em-ban-full-may-cuc-em-cho-anh-chi-em-chay-gia-dinh-aidxc23037851
Hyundai Santa Fe 2.2 Dầu Đặc biệt,2021,1 tỉ 045 triệu,Trong nước,,39.000 km,Máy xăng,Số tự động,https://oto.com.vn//mua-ban-xe-hyundai-santa-fe-ha-noi/gia-thuong-luong-co-bot-loc-aidxc23065142
Ford Everest Titanium 2.0 AT 4x2,2021,955 triệu,Nhập khẩu,SUV,39.000 km,Máy dầu,Số tự động,https://oto.com.vn//mua-ban-xe-ford-everest-ha-noi/can-ban-aidxc23052920
Mazda 3 1.5L Sedan,2019,492 triệu,Trong nước,Sedan,69.000 km,Máy xăng,Số tự động,https://oto.com.vn//mua-ban-xe-mazda-3-hcm/nguyen-zin-aidxc23065132
Mercedes-Benz C200 2.0 AT,2018,835 triệu,Trong nước,Sedan,55.600 km,Máy xăng,Số tự động,https://oto.com.vn//mua-ban-xe-mercedes-benz-c200-ha-noi/ban-san-xuat-2018-trang-noi-that-kem-sieu-dep-aidxc23064272
BMW 320i,2016,635 triệu,Nhập khẩu,Sedan,79.000 km,Máy xăng,Số tự động,https://oto.com.vn//mua-ban-xe-bmw-320i-ha-noi/320-san-xuat-2016-do-noi-that-kem-sieu-dep-aidxc23062511
Mercedes-Benz E250 E250,2018,1 tỉ 190 triệu,Trong nước,Sedan,64.000 km,Máy xăng,Số tự động,https://oto.com.vn//mua-ban-xe-mercedes-benz-e250-ha-noi/san-xuat-2018-den-noi-that-nau-chay-hon-6-van-km-sieu-moi-aidxc23061736
Toyota Land Cruiser Prado TX-L,2014,1 tỉ 030 triệu,Nhập khẩu,SUV,69.000 km,Máy xăng,Số tự động,https://oto.com.vn//mua-ban-xe-toyota-land-cruiser-prado-ha-noi/ban-prado-27-txl-nhap-nhat-san-xuat-va-dang-ky-2014-1-chu-tu-dau-chay-7-van-km-sieu-dep-aidxc23061627
Ford Everest Titanium 2.0L AT 4x4,2019,910 triệu,Nhập khẩu,SUV,58.000 km,Máy dầu,Số tự động,https://oto.com.vn//mua-ban-xe-ford-everest-ha-noi/ban-titanium-may-dau-2-cau-san-xuat-2019-1-chu-tu-moi-aidxc23049825
Bentley Mulsanne 6.8 V8,2014,8 tỉ 900 triệu,Nhập khẩu,Sedan,53.000 km,Máy xăng,Số tự động,https://oto.com.vn//mua-ban-xe-bentley-mulsanne-ha-noi/68-v8-san-xuat-2014-chay-hon-5-van-km-nhu-moi-aidxc23028991
Land Rover Range Rover Evoque 2.0 R-Dynamic SE,2012,635 triệu,Nhập khẩu,,81.000 km,Máy xăng,Số tự động,https://oto.com.vn//mua-ban-xe-landrover-range-rover-evoque-ha-noi/dynamicban-cao-nhat-san-xuat-2012-dang-ky-lan-dau-2015-aidxc23028959
Mercedes-Benz S450,2022,4 tỉ 590 triệu,Nhập khẩu,Sedan,19.000 km,Máy xăng,Số tự động,https://oto.com.vn//mua-ban-xe-mercedes-benz-s450-ha-noi/san-xuat-2022-ban-nhap-duc-sieu-dep-aidxc23010812
Lexus RX 200t,2017,1 tỉ 980 triệu,Nhập khẩu,,85.000 km,Máy xăng,Số tự động,https://oto.com.vn//mua-ban-xe-lexus-rx-200t-ha-noi/rx200-san-xuat-2017-do-noi-that-nau-sieu-dep-aidxc23009990
Toyota Land Cruiser,2016,3 tỉ 150 triệu,Nhập khẩu,SUV,55.000 km,Máy xăng,Số tự động,https://oto.com.vn//mua-ban-xe-toyota-land-cruiser-ha-noi/vxr-57-san-xuat-2015-model-2016-nhap-my-chay-hon-5-van-sieu-moi-aidxc23003576
Land Rover Range Rover Evoque evoque,2014,790 triệu,Nhập khẩu,SUV,60.000 km,Máy xăng,Số tự động,https://oto.com.vn//mua-ban-xe-landrover-range-rover-evoque-ha-noi/chay-6-van-sieu-moi-aidxc22700654
Hyundai Elantra 1.6 AT Đặc biệt,2016,395 triệu,Trong nước,Sedan,72.000 km,Máy xăng,Số tự động,https://oto.com.vn//mua-ban-xe-hyundai-elantra-ha-noi/72v-nhieu-do-choi-xe-cuc-dep-aidxc23065069
Daewoo Lacetti CDX 1.6 AT,2010,185 triệu,Nhập khẩu,Sedan,90.000 km,Máy xăng,Số tự động,https://oto.com.vn//mua-ban-xe-daewoo-lacetti-ha-noi/sedan-gia-re-aidxc23064995
Ford Everest Titanium 2.0L AT 4x4,2019,925 triệu,Nhập khẩu,SUV,60.000 km,Máy dầu,Số tự động,https://oto.com.vn//mua-ban-xe-ford-everest-ha-noi/suv-gia-re-aidxc23060845
Toyota Yaris G 1.5 CVT,2019,499 triệu,Nhập khẩu,Hatchback,58.000 km,Máy xăng,Số tự động,https://oto.com.vn//mua-ban-xe-toyota-yaris-ha-noi/xe-gia-dinh-co-nho-gia-re-aidxc23060185
Hyundai Accent 1.4 AT,2019,405 triệu,Trong nước,,29.000 km,Máy xăng,Số tự động,https://oto.com.vn//mua-ban-xe-hyundai-accent-binh-duong/xe-dep-nhu-moi-trang-bi-full-option-aidxc23065008
Kia Carnival 3.5G Signature 7 ghế,2022,1 tỉ 559 triệu,Trong nước,MPV,18.888 km,Máy xăng,Số tự động,https://oto.com.vn//mua-ban-xe-kia-carnival-hcm/tiet-kiem-gan-500tr-aidxc23058219
Mercedes-Benz GLS 450 4Matic,2022,4 tỉ 599 triệu,Nhập khẩu,SUV,34.000 km,Máy xăng,Số tự động,https://oto.com.vn//mua-ban-xe-mercedes-benz-gls-450-hcm/tiet-kiem-ngay-1ti5-aidxc23049145
Porsche Cayenne S,2018,4 tỉ 579 triệu,Nhập khẩu,Sedan,27.000 km,Máy xăng,Số tự động,https://oto.com.vn//mua-ban-xe-porsche-cayenne-hcm/gia-tai-tgxd-chi-4-xxx-aidxc23036526
Porsche Cayenne 3.6 V6,2007,499 triệu,Nhập khẩu,SUV,90.000 km,Máy xăng,Số tự động,https://oto.com.vn//mua-ban-xe-porsche-cayenne-ha-noi/xe-sang-gia-re-aidxc23062970
Audi A5 Sportback 2.0 TFSI,2011,389 triệu,Nhập khẩu,Sedan,90.000 km,Máy xăng,Số tự động,https://oto.com.vn//mua-ban-xe-audi-a5-ha-noi/xe-sang-gia-re-aidxc23061030
Toyota Corolla Cross 1.8 V,2020,745 triệu,Trong nước,SUV,40.000 km,Máy xăng,Số tự động,https://oto.com.vn//mua-ban-xe-toyota-corolla-cross-ha-noi/xe-gam-cao-gia-re-aidxc23060162
Mazda CX-5 2.0 Premium,2017,560 triệu,Trong nước,SUV,58.000 km,Máy xăng,Số tự động,https://oto.com.vn//mua-ban-xe-mazda-cx-5-ha-noi/cx5-20-at-2017-aidxc23059032
Toyota Camry 2.0Q,2022,1 tỉ 070 triệu,Nhập khẩu,Sedan,52.000 km,Máy xăng,Số tự động,https://oto.com.vn//mua-ban-xe-toyota-camry-ha-noi/20q-2022-aidxc23050215
Hyundai Tucson 2.0 Dầu đặc biệt,2019,710 triệu,Trong nước,SUV,86.000 km,Máy dầu,Số tự động,https://oto.com.vn//mua-ban-xe-hyundai-tucson-ha-noi/20-2019-full-dau-aidxc23047241
Ford Everest Trend 2.0 AT 4x2,2018,780 triệu,Nhập khẩu,SUV,90.000 km,Máy dầu,Số tự động,https://oto.com.vn//mua-ban-xe-ford-everest-hcm/bien-so-tp-51g-nhap-thai-lan-bao-hanh-1-nam-ho-tro-tra-gop-toi-da-65-70-aidxc23062929
Ford Ranger Raptor,2023,1 tỉ 235 triệu,Nhập khẩu,Bán Tải,10.000 km,Máy dầu,Số tự động,https://oto.com.vn//mua-ban-xe-ford-ranger-hcm/new-99-nhap-thai-lan-bao-hanh-chinh-hang-ho-tro-tra-gop-lai-suat-cuc-tot-aidxc23062382
Ford Ranger Wildtrak 4x4 AT,2017,620 triệu,Nhập khẩu,Bán Tải,80.000 km,Máy dầu,Số tự động,https://oto.com.vn//mua-ban-xe-ford-ranger-hcm/nhap-thai-lan-xe-bao-test-hang-gia-con-thuong-luong-aidxc23057468
Ford Ranger Wildtrak 4x4 AT,2021,765 triệu,Trong nước,Bán Tải,20.000 km,Máy dầu,Số tự động,https://oto.com.vn//mua-ban-xe-ford-ranger-hcm/ho-tro-tra-gop-70-bao-test-hang-xem-xe-o-tp-aidxc23055169
Ford Ranger Wildtrak 4x4 AT,2022,790 triệu,Nhập khẩu,Bán Tải,30.000 km,Máy dầu,Số tự động,https://oto.com.vn//mua-ban-xe-ford-ranger-hcm/nhap-thai-1-chu-tu-dau-sieu-luot-new-98-co-so-bao-hanh-aidxc23041100
Toyota Corolla Cross 1.8 V,2021,775 triệu,Nhập khẩu,Crossover,28.000 km,Máy xăng,Số tự động,https://oto.com.vn//mua-ban-xe-toyota-corolla-cross-ha-noi/gia-con-cuc-tot-aidxc23057426
Kia Seltos 1.4 Premium,2020,628 triệu,Trong nước,Crossover,41.000 km,Máy xăng,Số tự động,https://oto.com.vn//mua-ban-xe-kia-seltos-ha-noi/gia-con-cuc-tot-aidxc23057336
Hyundai Custin 2.0T-GDi Cao cấp,2023,985 triệu,Nhập khẩu,MPV,5.000 km,Máy xăng,Số tự động,https://oto.com.vn//mua-ban-xe-hyundai-custin-ha-noi/gia-con-cuc-tot-aidxc23053940
Kia Seltos 1.4 Premium,2020,635 triệu,Trong nước,Crossover,41.000 km,Máy xăng,Số tự động,https://oto.com.vn//mua-ban-xe-kia-seltos-ha-noi/gia-con-cuc-tot-aidxc23053844
Mazda 3 Sedan 1.5L Luxury,2021,600 triệu,Trong nước,Sedan,38.000 km,Máy xăng,Số tự động,https://oto.com.vn//mua-ban-xe-mazda-3-ha-noi/gia-con-cuc-tot-aidxc23051536
Kia Seltos,2020,628 triệu,Trong nước,Crossover,45.000 km,Máy xăng,Số tự động,https://oto.com.vn//mua-ban-xe-kia-seltos-ha-noi/premium-14-turbo-gia-con-cuc-tot-aidxc23048550
Toyota Vios 1.5 G CVT,2022,525 triệu,Trong nước,Sedan,14.000 km,Máy xăng,Số tự động,https://oto.com.vn//mua-ban-xe-toyota-vios-ha-noi/gia-con-cuc-tot-aidxc23047126
Mazda CX-5 2.0L Premium,2022,829 triệu,Trong nước,SUV,24.000 km,Máy xăng,Số tự động,https://oto.com.vn//mua-ban-xe-mazda-cx-5-ha-noi/gia-con-cuc-tot-aidxc23044426
Mazda CX-5 2.5L AT FWD,2019,688 triệu,Trong nước,SUV,59.000 km,Máy xăng,Số tự động,https://oto.com.vn//mua-ban-xe-mazda-cx-5-ha-noi/gia-con-cuc-tot-aidxc22979531
BMW 320i,2023,1 tỉ 579 triệu,Trong nước,Hatchback,7.000 km,Máy xăng,Số tự động,https://oto.com.vn//mua-ban-xe-bmw-320i-hcm/bao-dau-bank-70-90-ib-zalo-tu-van-truc-tiep-247-aidxc23064801
Mercedes-Benz GLS 450 4Matic,2022,4 tỉ 658 triệu,Nhập khẩu,,3.000 km,Máy xăng,Số sàn,https://oto.com.vn//mua-ban-xe-mercedes-benz-gls-450-hcm/bao-dau-bank-70-90-ib-zalo-tu-van-truc-tiep-247-aidxc23064797
Chevrolet Orlando LTZ 1.8,2011,227 triệu,Trong nước,SUV,68.000 km,Máy xăng,Số tự động,https://oto.com.vn//mua-ban-xe-chevrolet-orlando-hcm/can-ban-2011-so-tu-dong-7-cho-rong-rai-xe-noi-ngoai-that-zin-dep-aidxc23064093
Acura MDX,2007,317 triệu,Nhập khẩu,SUV,68.000 km,Máy xăng,Số tự động,https://oto.com.vn//mua-ban-xe-acura-mdx-hcm/can-ban-xe-model-2008-phien-ban-dac-biet-sh-awd-full-kich-option-du-do-2-ghe-dien-cua-aidxc23046950
Mazda CX-5 2.5L Signature Premium 2WD,2019,750 triệu,Trong nước,SUV,42.680 km,Máy xăng,Số tự động,https://oto.com.vn//mua-ban-xe-mazda-cx-5-ha-noi/mot-chu-tu-moi-chay-4-van-full-ls-hang-aidxc23063855
Mazda 3 2.0L Sedan,2016,415 triệu,Trong nước,Sedan,89.999 km,Máy xăng,Số tự động,https://oto.com.vn//mua-ban-xe-mazda-3-ha-noi/chay-9-van-km-noi-ngoai-that-rat-moi-aidxc23062721
Hyundai Tucson 1.6 Turbo HTRAC,2020,750 triệu,Trong nước,SUV,53.689 km,Máy xăng,Số tự động,https://oto.com.vn//mua-ban-xe-hyundai-tucson-ha-noi/mot-chu-tu-moi-chay-5-van-full-lich-su-hang-aidxc23057340
Mazda 3 1.5L Luxury,2022,599 triệu,Trong nước,Sedan,39.899 km,Máy xăng,Số tự động,https://oto.com.vn//mua-ban-xe-mazda-3-ha-noi/mot-chu-tu-moi-so-cua-chua-ha-rat-moi-aidxc23053736
Kia Cerato 2.0 AT Premium,2019,509 triệu,Trong nước,Sedan,60.000 km,Máy xăng,Số tự động,https://oto.com.vn//mua-ban-xe-kia-cerato-ha-noi/chay-6-van-len-rat-nhieu-do-choi-aidxc23049650
Mazda CX-5 2.5L 2WD,2018,650 triệu,Trong nước,SUV,76.899 km,Máy xăng,Số tự động,https://oto.com.vn//mua-ban-xe-mazda-cx-5-ha-noi/mot-chu-tu-moi-chay-7-van-so-cua-chua-ha-aidxc23048590
Mazda 3 1.5L Luxury,2019,499 triệu,Trong nước,Sedan,68.999 km,Máy xăng,Số tự động,https://oto.com.vn//mua-ban-xe-mazda-3-ha-noi/mot-chu-tu-dau-chay-hon-6-van-rat-moi-aidxc23045697
Mazda 3 1.5L Luxury,2019,489 triệu,Trong nước,Sedan,56.899 km,Máy xăng,Số tự động,https://oto.com.vn//mua-ban-xe-mazda-3-ha-noi/mot-chu-tu-moi-chay-6-van-rat-moi-aidxc23027275
Hyundai Accent 1.4 AT,2022,455 triệu,Trong nước,Sedan,25.689 km,Máy xăng,Số tự động,https://oto.com.vn//mua-ban-xe-hyundai-accent-ha-noi/mot-chu-tu-dau-chay-hon-2-van-rat-moi-aidxc23017727
Toyota Highlander LE 2.7 AT AWD,2014,890 triệu,Nhập khẩu,SUV,01 km,Máy xăng,Số tự động,https://oto.com.vn//mua-ban-xe-toyota-highlander-hcm/toyata-27-le-aidxc23064757
Lexus RX 350,2014,1 tỉ 279 triệu,Nhập khẩu,SUV,69.000 km,Máy xăng,Số tự động,https://oto.com.vn//mua-ban-xe-lexus-rx-350-ha-noi/can-ban-aidxc23047505
Land Rover Range Rover Sport SE 3.0 AT,2013,1 tỉ 450 triệu,Nhập khẩu,SUV,70.000 km,Máy xăng,Số tự động,https://oto.com.vn//mua-ban-xe-landrover-range-rover-hcm/1-chu-tu-dau-chay-7v-km-aidxc23059845
Hyundai Grand i10,2016,172 triệu,Nhập khẩu,Hatchback,80.000 km,Máy xăng,Số sàn,https://oto.com.vn//mua-ban-xe-hyundai-grand-i10-binh-duong/so-san-nhap-an-aidxc23058918
Hyundai Accent,2018,298 triệu,Trong nước,,80.000 km,Máy xăng,Số sàn,https://oto.com.vn//mua-ban-xe-hyundai-accent-binh-duong/xe-dep-nhu-moi-aidxc23061059
Lexus LX 570 Super Sport,2016,4 tỉ 700 triệu,Nhập khẩu,SUV,90.000 km,Máy xăng,Số tự động,https://oto.com.vn//mua-ban-xe-lexus-lx-570-hcm/may-moc-nguyen-ban-nha-san-xuat-aidxc23057616
Hyundai Elantra 2.0 AT Cao cấp,2019,495 triệu,Trong nước,Sedan,66.600 km,Máy xăng,Số tự động,https://oto.com.vn//mua-ban-xe-hyundai-elantra-hung-yen/new-hang-hiem-tren-thi-truong-xe-qua-chat-luon-cac-bac-nhe-aidxc23062547
Ford Ranger Wildtrak 4x4 AT,2021,720 triệu,Nhập khẩu,Bán Tải,56.000 km,Máy dầu,Số tự động,https://oto.com.vn//mua-ban-xe-ford-ranger-quang-ninh/salon-xin-duoc-chao-ban-chiec-xe-aidxc23056310
Mitsubishi Triton GLS,2009,220 triệu,Nhập khẩu,Bán Tải,188.000 km,Máy xăng,Số sàn,https://oto.com.vn//mua-ban-xe-mitsubishi-triton-ha-noi/ban-2-cau-xe-con-qua-chat-ngon-bo-re-aidxc23052317
Honda Civic 1.5 G,2019,529 triệu,Trong nước,Sedan,73.000 km,Máy xăng,Số tự động,https://oto.com.vn//mua-ban-xe-honda-civic-ha-noi/salon-xin-duoc-chao-ban-chiec-xe-aidxc23049693
Mazda 3 Sedan 1.5L Luxury,2022,595 triệu,Trong nước,Sedan,1.500 km,Máy xăng,Số tự động,https://oto.com.vn//mua-ban-xe-mazda-3-ha-noi/salon-xin-duoc-chao-ban-chiec-xe-aidxc23045351
Ford Everest Titanium 2.0 AT 4x2,2022,1 tỉ 195 triệu,Nhập khẩu,SUV,36.000 km,Máy dầu,Số tự động,https://oto.com.vn//mua-ban-xe-ford-everest-ha-noi/salon-xin-duoc-chao-ban-chiec-xe-aidxc23045028
Peugeot 2008 GT Line,2022,685 triệu,Trong nước,SUV,15.000 km,Máy xăng,Số tự động,https://oto.com.vn//mua-ban-xe-peugeot-2008-ha-noi/salon-xin-duoc-chao-ban-chiec-xe-aidxc23030823
Mazda 3 Sedan 1.5L Luxury,2021,565 triệu,Trong nước,Sedan,55.000 km,Máy xăng,Số tự động,https://oto.com.vn//mua-ban-xe-mazda-3-ha-noi/salon-xin-duoc-chao-ban-aidxc23021007
Chevrolet Colorado LTZ 2.8 AT 4x4,2018,369 triệu,Trong nước,Bán Tải,88.300 km,Máy dầu,Số tự động,https://oto.com.vn//mua-ban-xe-chevrolet-colorado-ha-noi/salon-xin-duoc-chao-ban-chiec-xe-aidxc22995112
Toyota Fortuner 2.7 V 4X2 AT,2016,515 triệu,Trong nước,SUV,92.000 km,Máy xăng,Số tự động,https://oto.com.vn//mua-ban-xe-toyota-fortuner-nghe-an/salon-xin-duoc-chao-ban-chiec-xe-aidxc22986091
Porsche Cayenne Coupe,2021,4 tỉ 900 triệu,Nhập khẩu,,48.000 km,Máy xăng,Số tự động,https://oto.com.vn//mua-ban-xe-porsche-cayenne-ha-noi/full-bill-do-chay-it-aidxc23061149
Mercedes-Benz GLC 200 4Matic,2021,1 tỉ 620 triệu,Trong nước,SUV,8.000 km,Máy xăng,Số tự động,https://oto.com.vn//mua-ban-xe-mercedes-benz-glc-200-ha-noi/ho-tro-bank-70-aidxc23055072
BMW 730Li,2022,3 tỉ 370 triệu,Nhập khẩu,,17.000 km,Máy xăng,Số tự động,https://oto.com.vn//mua-ban-xe-bmw-730li-hcm/xe-dep-nhu-moi-aidxc23061046
Mercedes-Benz GLC 200 4Matic,2021,1 tỉ 620 triệu,Trong nước,SUV,8.000 km,Máy xăng,Số tự động,https://oto.com.vn//mua-ban-xe-mercedes-benz-glc-200-hai-phong/ho-tro-tron-doi-tu-bao-duong-den-cuu-ho-aidxc23055333
Mercedes-Benz GLC 200 4Matic,2021,1 tỉ 620 triệu,Trong nước,SUV,8.000 km,Máy xăng,Số tự động,https://oto.com.vn//mua-ban-xe-mercedes-benz-glc-200-hcm/ho-tro-tron-doi-tu-bao-duong-den-cuu-ho-aidxc23055281
Mercedes-Benz S450,2023,7 tỉ 500 triệu,Nhập khẩu,Sedan,18.000 km,Máy xăng,Số tự động,https://oto.com.vn//mua-ban-xe-mercedes-benz-s450-ha-noi/mau-den-noi-that-nau-aidxc23052981
Mercedes-Benz Maybach GLS 450,2017,3 tỉ 550 triệu,Nhập khẩu,,70.000 km,Máy xăng,Số tự động,https://oto.com.vn//mua-ban-xe-mercedes-benz-maybach-gls-450-ha-noi/may-moc-nguyen-ban-nha-san-xuat-aidxc22998181
Mercedes-Benz S450,2021,4 tỉ 500 triệu,Trong nước,Sedan,48.000 km,Máy xăng,Số tự động,https://oto.com.vn//mua-ban-xe-mercedes-benz-s450-ha-noi/gia-4-ty-500tr-co-thuong-luong-them-aidxc23016505
Mercedes-Benz GLC 250 4Matic,2017,939 triệu,Trong nước,SUV,90.000 km,Máy xăng,Số tự động,https://oto.com.vn//mua-ban-xe-mercedes-benz-glc-250-ha-noi/glc250-san-xuat-2017-cuc-moi-aidxc23063509
Mercedes-Benz Maybach S450 4Matic,2022,7 tỉ 500 triệu,Trong nước,Sedan,5.000 km,Máy xăng,Số tự động,https://oto.com.vn//mua-ban-xe-mercedes-benz-maybach-s450-ha-noi/2023-aidxc23062859
Lexus RX 350 Premium,2023,3 tỉ 639 triệu,Nhập khẩu,SUV,18.000 km,Máy xăng,Số tự động,https://oto.com.vn//mua-ban-xe-lexus-rx-350-ha-noi/rx350-premium-2023-sieu-luot-aidxc23062763
BMW 520i Luxury Line,2018,1 tỉ 190 triệu,Nhập khẩu,Sedan,73.000 km,Máy xăng,Số tự động,https://oto.com.vn//mua-ban-xe-bmw-520i-ha-noi/luxury-2019-aidxc23062007
Hyundai Accent,2014,295 triệu,Trong nước,,91.000 km,Máy xăng,Số tự động,https://oto.com.vn//mua-ban-xe-hyundai-accent-binh-duong/gia-thuong-luong-co-bot-loc-aidxc23061057
Hyundai Santa Fe 2.2L Dầu Cao cấp,2021,1 tỉ 050 triệu,Trong nước,SUV,39.000 km,Máy dầu,Số tự động,https://oto.com.vn//mua-ban-xe-hyundai-santa-fe-hung-yen/santafe-22l-dau-full-2021-aidxc23062557
Ford Ranger Wildtrak 4x4 AT,2021,725 triệu,Nhập khẩu,Bán Tải,51.233 km,Máy dầu,Số tự động,https://oto.com.vn//mua-ban-xe-ford-ranger-ha-noi/wildttrak-2-cau-bi-tubor-aidxc23055604
Toyota Innova 2.0G,2018,555 triệu,Trong nước,SUV,91.222 km,Máy xăng,Số tự động,https://oto.com.vn//mua-ban-xe-toyota-innova-ha-noi/g-2018-aidxc23047487
Kia Morning Van 1.0 AT,2014,190 triệu,Trong nước,,80.000 km,Máy xăng,Số tự động,https://oto.com.vn//mua-ban-xe-kia-morning-ha-noi/xe-di-che-nang-mua-phu-hop-voi-chi-em-dan-van-phong-aidxc23045684
Ford Ranger XLT 2.0L 4x4 AT Limited,2021,635 triệu,Nhập khẩu,,66.000 km,Máy xăng,Số tự động,https://oto.com.vn//mua-ban-xe-ford-ranger-ha-noi/thu-tuc-da-rut-coc-tien-nhan-xe-luon-trong-ngay-aidxc23048333
Kia Cerato,2019,495 triệu,Trong nước,,30.000 km,Máy xăng,Số tự động,https://oto.com.vn//mua-ban-xe-kia-cerato-ha-noi/xe-con-han-dang-kiem-gia-tot-nhat-canh-tranh-toan-quoc-aidxc23045694
Mazda CX-5 2.0 Luxury,2016,535 triệu,Trong nước,,68.000 km,Máy xăng,Số tự động,https://oto.com.vn//mua-ban-xe-mazda-cx-5-ha-noi/xe-dep-nguyen-zin-ho-tro-thu-tuc-tra-gop-nhanh-chong-aidxc23048330
Toyota Sienna XLE,2011,950 triệu,Nhập khẩu,Van/Minivan,44.000 km,Máy xăng,Số tự động,https://oto.com.vn//mua-ban-xe-toyota-sienna-hcm/hang-my-nha-trum-men-khong-chay-moi-khong-doi-thu-fulloption-mam-ducsmartkeynem-dasunroofloajbldvd-aidxc23001498
Ford Ranger,2021,725 triệu,Trong nước,Bán Tải,50.000 km,Máy dầu,Số tự động,https://oto.com.vn//mua-ban-xe-ford-ranger-ha-noi/may-moc-nguyen-ban-nha-san-xuat-aidxc23055357
Hyundai Santa Fe 2.2L Dầu Cao cấp,2021,955 triệu,Trong nước,SUV,45.000 km,Máy dầu,Số tự động,https://oto.com.vn//mua-ban-xe-hyundai-santa-fe-ha-noi/chay-45-zin-aidxc23054932
Toyota Veloz,2022,590 triệu,Nhập khẩu,MPV,40.000 km,Máy xăng,Số tự động,https://oto.com.vn//mua-ban-xe-toyota-veloz-ha-noi/590tr-co-thuong-luong-aidxc23042439
Hyundai Grand i10,2021,375 triệu,Trong nước,Sedan,18.000 km,Máy xăng,Số tự động,https://oto.com.vn//mua-ban-xe-hyundai-grand-i10-ha-noi/gia-ban-380tr-aidxc23042437
Hyundai Elantra,2022,560 triệu,Trong nước,Sedan,32.000 km,Máy xăng,Số tự động,https://oto.com.vn//mua-ban-xe-hyundai-elantra-ha-noi/gia-re-aidxc23042434
Kia Carnival 2.2D Signature,2023,1 tỉ 450 triệu,Trong nước,MPV,9.000 km,Máy dầu,Số tự động,https://oto.com.vn//mua-ban-xe-kia-carnival-ha-noi/ban-xe-luot-9000km-sig-aidxc23056048
Nissan X trail 2.5 sv 4wd premium,2018,648 triệu,Trong nước,Crossover,44.000 km,Máy xăng,Số tự động,https://oto.com.vn//mua-ban-xe-nissan-x-trail-hcm/25-sv-premium-2-cau-2018-aidxc23052285
Toyota Corolla Altis 1.8G,2019,579 triệu,Trong nước,Sedan,38.000 km,Máy xăng,Số tự động,https://oto.com.vn//mua-ban-xe-toyota-corolla-altis-hcm/18g-2019-dep-khong-diem-tru-aidxc23052282
Toyota Vios 1.5 E CVT,2018,389 triệu,Trong nước,Sedan,30.000 km,Máy xăng,Số tự động,https://oto.com.vn//mua-ban-xe-toyota-vios-hcm/15-e-cvt-2018-form-moi-2019-sieu-cop-30000km-aidxc23055077
Suzuki Ertiga 1.5L Sport AT,2021,469 triệu,Nhập khẩu,MPV,39.000 km,Máy xăng,Số tự động,https://oto.com.vn//mua-ban-xe-suzuki-ertiga-hcm/15at-so-tu-dong-2021-aidxc23053869
Toyota Innova,2013,285 triệu,Trong nước,,65.000 km,Máy xăng,Số tự động,https://oto.com.vn//mua-ban-xe-toyota-innova-hai-phong/gia-chi-285-trieu-aidxc23058562
Chevrolet Aveo,2017,186 triệu,Trong nước,,45.000 km,Máy xăng,Số tự động,https://oto.com.vn//mua-ban-xe-chevrolet-aveo-hai-phong/gia-chi-186-trieu-aidxc23058561
Toyota Vios,2009,148 triệu,Trong nước,,100.000 km,Máy xăng,Số tự động,https://oto.com.vn//mua-ban-xe-toyota-vios-hai-phong/xe-ca-nhan-can-ban-gap-aidxc23058549
Mercedes-Benz GLE 450 4Matic,2020,2 tỉ 899 triệu,Nhập khẩu,SUV,8.999 km,Máy xăng,Số tự động,https://oto.com.vn//mua-ban-xe-mercedes-benz-gle-450-ha-noi/model-2021-gia-sieu-tot-aidxc23032797
Bentley Continental,2006,850 triệu,Nhập khẩu,Sedan,56.789 km,Máy xăng,Số tự động,https://oto.com.vn//mua-ban-xe-bentley-continental-ha-noi/flying-spur-w12-60l-gia-tot-aidxc22920334
Mercedes-Benz S450 4Matic Luxury,2019,2 tỉ 690 triệu,Nhập khẩu,Sedan,40.000 km,Máy xăng,Số tự động,https://oto.com.vn//mua-ban-xe-mercedes-benz-s450-ha-noi/di-40000km-thom-mui-moi-aidxc23063391
Mercedes-Benz S450,2022,7 tỉ 500 triệu,Nhập khẩu,Sedan,4.000 km,Máy xăng,Số tự động,https://oto.com.vn//mua-ban-xe-mercedes-benz-s450-ha-noi/ho-tro-bank-80-aidxc23063389
Hyundai Grand i10,2014,146 triệu,Nhập khẩu,Sedan,12.000 km,Máy xăng,Số sàn,https://oto.com.vn//mua-ban-xe-hyundai-grand-i10-ha-noi/huyndai-nhap-an-2014-cuc-chat-aidxc23055095
Toyota Innova,2015,268 triệu,Trong nước,SUV,12.000 km,Máy xăng,Số sàn,https://oto.com.vn//mua-ban-xe-toyota-innova-ha-noi/2015-phom-moi-cuc-chat-aidxc23056712
Rolls-Royce Phantom,2013,15 tỉ 900 triệu,Nhập khẩu,Sedan,16.000 km,Máy xăng,Số tự động,https://oto.com.vn//mua-ban-xe-rolls-royce-phantom-ha-noi/2013-ewb-sieu-moi-aidxc22991967
Toyota Highlander,2020,3 tỉ 599 triệu,Nhập khẩu,SUV,33.000 km,Hybrid,Số tự động,https://oto.com.vn//mua-ban-xe-toyota-highlander-ha-noi/limited-nhap-my-2020-aidxc22940458
Lexus RX 350,2014,1 tỉ 390 triệu,Nhập khẩu,SUV,75.000 km,Máy xăng,Số tự động,https://oto.com.vn//mua-ban-xe-lexus-rx-350-ha-noi/rx350-san-xuat-2014-sieu-moi-aidxc22936476
Toyota Sienna,2021,3 tỉ 999 triệu,Nhập khẩu,MPV,19.900 km,Hybrid,Số tự động,https://oto.com.vn//mua-ban-xe-toyota-sienna-ha-noi/platium-2021-ban-full-option-aidxc22848575
Lexus LX 600 VIP,2023,9 tỉ 800 triệu,Nhập khẩu,SUV,19.500 km,Máy xăng,Số tự động,https://oto.com.vn//mua-ban-xe-lexus-lx-600-ha-noi/lx600-vip-xe-sieu-luot-aidxc23042064
Lexus RX 350 Luxury,2010,889 triệu,Nhập khẩu,SUV,65.000 km,Máy xăng,Số tự động,https://oto.com.vn//mua-ban-xe-lexus-rx-350-ha-noi/rx350-san-xuat-2010-nhap-my-aidxc23036527
Mercedes-Benz V250 AMG,2020,2 tỉ 299 triệu,Nhập khẩu,MPV,59.000 km,Máy xăng,Số tự động,https://oto.com.vn//mua-ban-xe-mercedes-benz-v250-ha-noi/mercedes-amg-2020-aidxc23014101
Mitsubishi Outlander 2.0 CVT,2019,599 triệu,Trong nước,SUV,80.000 km,Máy xăng,Số tự động,https://oto.com.vn//mua-ban-xe-mitsubishi-outlander-hai-duong/xe-dep-bao-check-test-aidxc23017222
Ford Territory Titanium X,2023,858 triệu,Trong nước,SUV,30.000 km,Máy xăng,Số tự động,https://oto.com.vn//mua-ban-xe-ford-territory-hai-duong/gia-858-trieu-aidxc23049858
Hyundai Accent 1.4 MT,2020,369 triệu,Trong nước,,60.000 km,Máy xăng,Số tự động,https://oto.com.vn//mua-ban-xe-hyundai-accent-hai-duong/xe-dep-chay-6-van-km-aidxc22996552
Acura MDX,2008,337 triệu,Nhập khẩu,SUV,68.000 km,Máy xăng,Số tự động,https://oto.com.vn//mua-ban-xe-acura-mdx-hcm/can-ban-xe-san-xuat-2008-phien-ban-dac-biet-sh-awd-full-kich-aidxc23047619
Ford Fiesta S 1.6 AT,2011,235 triệu,Trong nước,Hatchback,105.000 km,Máy xăng,Số tự động,https://oto.com.vn//mua-ban-xe-ford-fiesta-ha-noi/235-trieu-aidxc23050869
Hyundai Verna,2009,209 triệu,Nhập khẩu,Sedan,100.000 km,Máy xăng,Số tự động,https://oto.com.vn//mua-ban-xe-hyundai-verna-ha-noi/gia-209-trieu-aidxc23042668
Nissan Livina,2010,179 triệu,Nhập khẩu,,100.000 km,Máy xăng,Số tự động,https://oto.com.vn//mua-ban-xe-nissan-livina-hai-phong/gia-chi-179-trieu-aidxc23058546
Kia Morning,2004,128 triệu,Trong nước,Hatchback,130.000 km,Máy xăng,Số tự động,https://oto.com.vn//mua-ban-xe-kia-morning-ha-noi/gia-chi-128-trieu-aidxc23042666
Toyota Camry 2.0G,2021,885 triệu,Nhập khẩu,Sedan,28.500 km,Máy xăng,Số tự động,https://oto.com.vn//mua-ban-xe-toyota-camry-ha-noi/1-chiec-chinh-chu-sieu-dep-dep-vo-doi-aidxc23046350
Kia Carnival 2.2D Luxury,2022,1 tỉ 100 triệu,Trong nước,MPV,28.000 km,Máy dầu,Số tự động,https://oto.com.vn//mua-ban-xe-kia-carnival-ha-noi/22d-luxury-2022-sieu-hot-sieu-moi-lan-banh-hon-2-van-km-aidxc23041491
Ford Transit,2023,750 triệu,Trong nước,Van/Minivan,55.000 km,Máy dầu,Số sàn,https://oto.com.vn//mua-ban-xe-ford-transit-hcm/full-do-choi-hang-ban-bao-hanh-toan-quoc-aidxc23053405
Ford Transit tiêu chuẩn,2023,770 triệu,Trong nước,Van/Minivan,23.000 km,Máy dầu,Số sàn,https://oto.com.vn//mua-ban-xe-ford-transit-hcm/moi-23000km-full-do-choi-chinh-hang-ban-lay-ve-la-chay-aidxc23043663
Ford Fiesta,2015,320 triệu,Trong nước,Hatchback,40.000 km,Máy xăng,Số tự động,https://oto.com.vn//mua-ban-xe-ford-fiesta-hcm/1-chu-tu-dau-moi-40000-km-hang-ban-aidxc23042922
Ford EcoSport Titanium 1.5L AT,2017,365 triệu,Trong nước,SUV,123.000 km,Máy xăng,Số tự động,https://oto.com.vn//mua-ban-xe-ford-ecosport-hcm/dep-keng-chinh-hang-ban-bao-hanh-1-nam-mau-trang-aidxc23052290
Audi Q7 3.0 TFSI Quattro,2015,1 tỉ 299 triệu,Nhập khẩu,SUV,80.000 km,Máy xăng,Số tự động,https://oto.com.vn//mua-ban-xe-audi-q7-ha-noi/xe-nguyen-ban-cam-ket-chat-luong-aidxc22890960
Mini Countryman tiêu chuẩn,2014,620 triệu,Nhập khẩu,Hatchback,82.000 km,Máy xăng,Số tự động,https://oto.com.vn//mua-ban-xe-mini-countryman-ha-noi/xe-nguyen-ban-cam-ket-chat-luong-aidxc22906499
Toyota Fortuner 2.4G 4x2 AT,2019,845 triệu,Trong nước,SUV,01 km,Máy dầu,Số tự động,https://oto.com.vn//mua-ban-xe-toyota-fortuner-ha-noi/xe-nguyen-ban-cam-ket-chat-luong-aidxc23028989
Audi A5 Sportback 2.0 TFSI,2014,599 triệu,Nhập khẩu,Sedan,01 km,Máy xăng,Số tự động,https://oto.com.vn//mua-ban-xe-audi-a5-ha-noi/xe-nguyen-ban-cam-ket-chat-luong-aidxc22968850
Mercedes-Benz E300,2011,485 triệu,Trong nước,Sedan,120.000 km,Máy xăng,Số tự động,https://oto.com.vn//mua-ban-xe-mercedes-benz-e300-ha-noi/xe-nguyen-ban-cam-ket-chat-luong-aidxc23009987
Toyota Corolla Cross 1.8 V,2022,809 triệu,Trong nước,MPV,9.000 km,Máy xăng,Số tự động,https://oto.com.vn//mua-ban-xe-toyota-corolla-cross-hcm/dong-co-xang-18l-aidxc23063079
Toyota Venza 2.7 AWD AT,2009,430 triệu,Nhập khẩu,Crossover,01 km,Máy xăng,Số tự động,https://oto.com.vn//mua-ban-xe-toyota-venza-ha-noi/xe-chat-gia-tot-aidxc22981083
Ford EcoSport Titanium 1.5L AT,2018,428 triệu,Trong nước,SUV,70.000 km,Máy xăng,Số tự động,https://oto.com.vn//mua-ban-xe-ford-ecosport-hcm/mot-chu-zin-dep-hang-ban-co-bao-hanh-1-nam-aidxc23059367
Ford Territory Titanium X,2023,885 triệu,Trong nước,SUV,12.000 km,Máy xăng,Số tự động,https://oto.com.vn//mua-ban-xe-ford-territory-hcm/sieu-luot-12000-km-dep-nhu-moi-chinh-hang-saigon-ban-aidxc23045453
Peugeot 2008 Active,2022,630 triệu,Trong nước,SUV,42.000 km,Máy xăng,Số tự động,https://oto.com.vn//mua-ban-xe-peugeot-2008-ha-noi/chay-4v2-630-trieu-aidxc23062968
Hyundai Santa Fe 2.4L Xăng Đặc biệt,2018,795 triệu,Trong nước,SUV,82.000 km,Máy xăng,Số tự động,https://oto.com.vn//mua-ban-xe-hyundai-santa-fe-hai-phong/xang-dac-biet-aidxc23062897
Toyota Innova 2.0E,2022,659 triệu,Trong nước,MPV,45.000 km,Máy xăng,Số sàn,https://oto.com.vn//mua-ban-xe-toyota-innova-hcm/a-xe-gam-cao-8-cho-noi-that-rong-rai-aidxc23062883
Kia K5 2.5 GT-Line,2022,839 triệu,Trong nước,Sedan,28.000 km,Máy xăng,Số tự động,https://oto.com.vn//mua-ban-xe-kia-k5-ha-noi/chay-2v8-839-trieu-aidxc23062873
Ford Ranger Wildtrak 4x4 AT,2021,765 triệu,Nhập khẩu,Bán Tải,30.000 km,Máy dầu,Số tự động,https://oto.com.vn//mua-ban-xe-ford-ranger-hcm/wildtrak-2021-ban-full-2-cauxe-luot-aidxc23043497
Mazda CX-5 2.5 Signature Premium AWD,2021,815 triệu,Trong nước,SUV,24.000 km,Máy xăng,Số tự động,https://oto.com.vn//mua-ban-xe-mazda-cx-5-ha-noi/chay-2v4-815tr-aidxc23062866
Hyundai Tucson 1.6 Turbo HTRAC,2023,915 triệu,Trong nước,SUV,14.000 km,Máy xăng,Số tự động,https://oto.com.vn//mua-ban-xe-hyundai-tucson-ha-noi/chay-1v4-915-trieu-aidxc23062856
Ford Ranger XL 2.2 4x4 MT,2019,515 triệu,Nhập khẩu,Bán Tải,60.000 km,Máy dầu,Số sàn,https://oto.com.vn//mua-ban-xe-ford-ranger-hcm/2019-so-san-2-cau1-chu-xe-di-rat-ky-aidxc23044914
Hyundai Elantra 1.6 AT Đặc biệt,2021,523 triệu,Trong nước,Sedan,31.000 km,Máy xăng,Số tự động,https://oto.com.vn//mua-ban-xe-hyundai-elantra-hcm/dep-khong-loi-nho-aidxc23057407
Mazda CX-5 2.5L Signature Premium 2WD,2020,760 triệu,Trong nước,Crossover,40.000 km,Máy xăng,Số tự động,https://oto.com.vn//mua-ban-xe-mazda-cx-5-ha-noi/xe-nguyen-ban-cam-ket-chat-luong-aidxc23062736
Ford Ranger XLS 2.2 4x2 AT,2016,460 triệu,Nhập khẩu,Bán Tải,70.000 km,Máy dầu,Số tự động,https://oto.com.vn//mua-ban-xe-ford-ranger-hcm/2016-so-tu-dongxe-gia-dinh-1-chu-bao-test-hang-aidxc23057615
Kia Carnival,2022,1 tỉ 298 triệu,Trong nước,,28.000 km,Máy xăng,Số tự động,https://oto.com.vn//mua-ban-xe-kia-carnival-hcm/bao-dau-bank-70-90-ib-zalo-tu-van-truc-tiep-247-aidxc23062669
Mazda CX-5 2.0 Luxury,2023,800 triệu,Trong nước,,5.500 km,Máy xăng,Số tự động,https://oto.com.vn//mua-ban-xe-mazda-cx-5-ha-noi/xe-gan-nhu-new-chat-luong-cam-ket-aidxc23055216
Toyota Corolla Altis 1.8 V,2022,715 triệu,Trong nước,,6.500 km,Máy xăng,Số tự động,https://oto.com.vn//mua-ban-xe-toyota-corolla-altis-ha-noi/xe-chu-di-cuc-it-moi-lan-banh-duoc-6500kilomet-aidxc23041947
Kia Sonet 1.5 Luxury,2023,570 triệu,Trong nước,,6.000 km,Máy xăng,Số tự động,https://oto.com.vn//mua-ban-xe-kia-sonet-ha-noi/dep-nhu-xe-moi-moi-lan-banh-6000km-aidxc23037669
Toyota Veloz Cross 1.5 CVT TOP,2023,640 triệu,Trong nước,,5.000 km,Máy xăng,Số tự động,https://oto.com.vn//mua-ban-xe-toyota-veloz-cross-ha-noi/xe-sieu-luot-chu-moi-di-6-thang-aidxc23047166
Hyundai Creta 1.5L Đặc biệt,2022,625 triệu,Trong nước,SUV,18.000 km,Máy xăng,Số tự động,https://oto.com.vn//mua-ban-xe-hyundai-creta-bac-ninh/dep-khong-loi-nho-aidxc23040913
Ford Ranger XLS 2.2 4x2 AT,2020,560 triệu,Nhập khẩu,Bán Tải,64.000 km,Máy dầu,Số tự động,https://oto.com.vn//mua-ban-xe-ford-ranger-ha-noi/nhap-khau-so-tu-dong-model-2021-aidxc23030897
Mazda CX-5 2.0L AT FWD,2020,678 triệu,Trong nước,SUV,68.000 km,Máy xăng,Số tự động,https://oto.com.vn//mua-ban-xe-mazda-cx-5-ha-noi/cx5-2020-con-rat-moi-aidxc23036532
Kia Cerato SLi 2.0 GDI AT,2016,395 triệu,Trong nước,Sedan,86.000 km,Máy xăng,Số tự động,https://oto.com.vn//mua-ban-xe-kia-cerato-ha-noi/20-2016-con-rat-moi-aidxc23035364
Hyundai Accent 1.4 AT,2021,425 triệu,Trong nước,Sedan,44.000 km,Máy xăng,Số tự động,https://oto.com.vn//mua-ban-xe-hyundai-accent-bac-ninh/2021-so-tu-dong-aidxc23023485
Mazda 3 Sedan 1.5L Luxury,2021,560 triệu,Trong nước,,45.000 km,Máy xăng,Số tự động,https://oto.com.vn//mua-ban-xe-mazda-3-ha-noi/trang-bi-full-option-hien-dai-aidxc23062247
Toyota Veloz Cross 1.5 CVT,2023,615 triệu,Trong nước,MPV,27.000 km,Máy xăng,Số tự động,https://oto.com.vn//mua-ban-xe-toyota-veloz-cross-ha-noi/gia-615tr-co-thuong-luong-aidxc23062246
Peugeot 2008 GT Line,2022,685 triệu,Nhập khẩu,SUV,40.000 km,Máy xăng,Số tự động,https://oto.com.vn//mua-ban-xe-peugeot-2008-ha-noi/685tr-co-thuong-luong-them-aidxc23062242
Ford EcoSport,2017,309 triệu,Trong nước,SUV,50.000 km,Máy xăng,Số sàn,https://oto.com.vn//mua-ban-xe-ford-ecosport-binh-duong/odo-5-van-aidxc23062146
Hyundai Grand i10 Sedan 1.2 MT,2017,243 triệu,Trong nước,Sedan,40.000 km,Máy xăng,Số sàn,https://oto.com.vn//mua-ban-xe-hyundai-grand-i10-binh-duong/odo-4-van-aidxc23062144
Hyundai Tucson 2.0 Đặc biệt,2020,689 triệu,Trong nước,SUV,66.000 km,Máy xăng,Số tự động,https://oto.com.vn//mua-ban-xe-hyundai-tucson-hcm/a-xe-gam-cao-5-cho-noi-that-rong-rai-aidxc23062091
Mercedes-Benz GLC 200,2021,1 tỉ 399 triệu,Trong nước,SUV,33.333 km,Máy xăng,Số tự động,https://oto.com.vn//mua-ban-xe-mercedes-benz-glc-200-hcm/tiet-kiem-hon-500tr-aidxc23062088
Mercedes-Benz GLC 200 4Matic,2021,1 tỉ 699 triệu,Trong nước,SUV,16.999 km,Máy xăng,Số tự động,https://oto.com.vn//mua-ban-xe-mercedes-benz-glc-200-hcm/lan-banh-sieu-luot-1-chu-tu-moi-full-lich-su-hang-aidxc23062083
Mercedes-Benz GLC 200,2021,1 tỉ 399 triệu,Nhập khẩu,SUV,33.333 km,Máy xăng,Số tự động,https://oto.com.vn//mua-ban-xe-mercedes-benz-glc-200-hcm/lan-banh-33333km-dk-122021-aidxc23062077
Ford Ranger Wildtrak 3.2 4x4 AT,2017,620 triệu,Nhập khẩu,Bán Tải,80.000 km,Máy dầu,Số tự động,https://oto.com.vn//mua-ban-xe-ford-ranger-hcm/wildtrak-32-2017-ban-fullxe-1-chu-bao-zin-aidxc23057641
Porsche Panamera 3.0 V6,2019,4 tỉ 199 triệu,Nhập khẩu,Sedan,44.000 km,Máy xăng,Số tự động,https://oto.com.vn//mua-ban-xe-porsche-panamera-hcm/tiet-kiem-ngay-2ti5-aidxc23044018
VinFast VF9,2023,1 tỉ 258 triệu,Trong nước,,11.000 km,Máy xăng,Số tự động,https://oto.com.vn//mua-ban-xe-vinfast-vf9-hcm/bao-dau-bank-70-90-ib-zalo-tu-van-truc-tiep-247-aidxc23048515
Mercedes-Benz C200 Exclusive,2019,1 tỉ 139 triệu,Trong nước,,20.921 km,Máy xăng,Số tự động,https://oto.com.vn//mua-ban-xe-mercedes-benz-c200-hcm/xe-1-chu-tu-moi-nuoc-son-zin-nguyen-van-con-bong-loang-aidxc23061964
Mazda 3 Sedan 1.5L Luxury,2022,615 triệu,Trong nước,,12.000 km,Máy xăng,Số tự động,https://oto.com.vn//mua-ban-xe-mazda-3-ha-noi/xe-luot-moi-di-1v2-aidxc23037674
Land Rover Range Rover,2010,580 triệu,Nhập khẩu,SUV,8.000 km,Máy xăng,Số tự động,https://oto.com.vn//mua-ban-xe-landrover-range-rover-bac-giang/gd-ban-ranger-supercharged-xe-50-nhap-khau-anh-2010-chinh-chu-gd-dang-su-dung-aidxc23052397
Hyundai Grand i10 Sedan 1.2 MT,2020,306 triệu,Trong nước,Sedan,50.000 km,Máy xăng,Số sàn,https://oto.com.vn//mua-ban-xe-hyundai-grand-i10-hai-phong/gia-tot-nhat-thang-nay-aidxc23060035
Ford Territory Titanium X,2022,845 triệu,Trong nước,SUV,38.000 km,Máy xăng,Số tự động,https://oto.com.vn//mua-ban-xe-ford-territory-hai-phong/gia-845-trieu-aidxc23057847
Hyundai Santa Fe 2.4L Xăng Tiêu chuẩn,2022,945 triệu,Trong nước,SUV,9.000 km,Máy xăng,Số tự động,https://oto.com.vn//mua-ban-xe-hyundai-santa-fe-hai-phong/ban-945-trieu-aidxc23057844
Hyundai Santa Fe 2.4L Xăng Cao cấp,2021,1 tỉ 040 triệu,Trong nước,SUV,19.000 km,Máy xăng,Số tự động,https://oto.com.vn//mua-ban-xe-hyundai-santa-fe-hai-phong/santafe-full-xang-sx-2021-dk-2022-odo-19000km-son-zin-ca-xe-aidxc23054090
Mazda CX-5,2023,825 triệu,Trong nước,Crossover,9.000 km,Máy xăng,Số tự động,https://oto.com.vn//mua-ban-xe-mazda-cx-5-hai-phong/xe-dep-chay-9000-km-aidxc23044723
Mazda 3 Sedan 1.5L Luxury,2021,570 triệu,Trong nước,Sedan,80.000 km,Máy xăng,Số tự động,https://oto.com.vn//mua-ban-xe-mazda-3-hai-phong/gia-570-trieu-aidxc23037393
Ferrari 296 GTB,2022,22 tỉ 999 triệu,Nhập khẩu,Convertible,3.000 km,Máy xăng,Số tự động,https://oto.com.vn//mua-ban-xe-ferrari-296-gtb-hcm/22-ty-999-trieu-aidxc23012372
Land Rover Range Rover,2015,3 tỉ 450 triệu,Nhập khẩu,SUV,81.234 km,Máy xăng,Số tự động,https://oto.com.vn//mua-ban-xe-landrover-range-rover-ha-noi/xe-dep-nguyen-ban-gia-tot-aidxc22936874
Ford Everest,2023,1 tỉ 289 triệu,Nhập khẩu,,20.000 km,Máy xăng,Số tự động,https://oto.com.vn//mua-ban-xe-ford-everest-ha-noi/xe-chinh-chu-chay-it-nen-con-rat-moi-aidxc23046130
Toyota Veloz,2023,628 triệu,Nhập khẩu,MPV,48.000 km,Máy xăng,Số tự động,https://oto.com.vn//mua-ban-xe-toyota-veloz-ha-noi/ten-ca-nhan-1-chu-mua-moi-aidxc23055384
Mazda 3,2016,398 triệu,Trong nước,Sedan,60.000 km,Máy xăng,Số tự động,https://oto.com.vn//mua-ban-xe-mazda-3-ha-noi/xe-dep-xuat-sac-khong-loi-nho-aidxc23055377
Ford Everest Titanium 2.2L AT 4x2,2016,710 triệu,Nhập khẩu,SUV,90.000 km,Máy dầu,Số tự động,https://oto.com.vn//mua-ban-xe-ford-everest-ha-noi/xe-chat-gia-tot-aidxc23061277
VinFast Fadil Nâng Cao,2020,339 triệu,Trong nước,Hatchback,160.000 km,Máy xăng,Số tự động,https://oto.com.vn//mua-ban-xe-vinfast-fadil-ha-noi/16v-full-lich-su-hang-nhieu-do-choi-aidxc23019963
Kia Rondo,2020,499 triệu,Trong nước,,50.000 km,Máy xăng,Số tự động,https://oto.com.vn//mua-ban-xe-kia-rondo-ha-noi/xe-dep-bien-tinh-ten-tu-nhan-aidxc23016001
Toyota Innova 2.0E,2014,335 triệu,Trong nước,Crossover,150.000 km,Máy xăng,Số sàn,https://oto.com.vn//mua-ban-xe-toyota-innova-ha-noi/ko-dich-vu-hon-300tr-aidxc22991876
Toyota Fortuner,2016,465 triệu,Trong nước,,11.200 km,Máy xăng,Số tự động,https://oto.com.vn//mua-ban-xe-toyota-fortuner-ha-noi/xe-tu-nhan-bien-tinh-aidxc23015989
Mitsubishi Triton,2009,220 triệu,Trong nước,Bán Tải,100.000 km,Máy dầu,Số sàn,https://oto.com.vn//mua-ban-xe-mitsubishi-triton-ha-noi/gia-220-trieu-co-thuong-luong-aidxc23041144
Toyota Innova,2016,370 triệu,Trong nước,,130.000 km,Máy xăng,Số sàn,https://oto.com.vn//mua-ban-xe-toyota-innova-ha-noi/xe-tu-nhan-su-dung-aidxc23048473
Mazda 3,2022,599 triệu,Trong nước,Sedan,27.000 km,Máy xăng,Số tự động,https://oto.com.vn//mua-ban-xe-mazda-3-hcm/giao-xe-tan-noi-aidxc23048655
Chevrolet Trailblazer 2.5L 4x2 AT,2018,519 triệu,Nhập khẩu,SUV,90.000 km,Máy xăng,Số tự động,https://oto.com.vn//mua-ban-xe-chevrolet-trailblazer-hai-duong/odo-9-van-xe-cuc-chat-aidxc23060296
Ford Ranger XLS 2.2 4x2 AT,2023,665 triệu,Trong nước,Bán Tải,26.000 km,Máy dầu,Số tự động,https://oto.com.vn//mua-ban-xe-ford-ranger-hcm/xe-xuat-hoa-don-gan-nhieu-phu-kien-aidxc23059935
Kia Cerato 1.6 AT,2019,495 triệu,Trong nước,Sedan,45.000 km,Máy xăng,Số tự động,https://oto.com.vn//mua-ban-xe-kia-cerato-ha-noi/gia-495-trieu-aidxc23042700
Toyota Camry 2.5Q,2020,968 triệu,Trong nước,Sedan,34.000 km,Máy xăng,Số tự động,https://oto.com.vn//mua-ban-xe-toyota-camry-hcm/thiet-ke-tien-nghi-hien-dai-aidxc23059341
Kia Morning Si 1.25 MT,2016,160 triệu,Trong nước,Hatchback,110.000 km,Máy xăng,Số sàn,https://oto.com.vn//mua-ban-xe-kia-morning-ha-tinh/xe-dep-san-di-aidxc23037789
Hyundai Grand i10 Sedan 1.2 AT,2016,260 triệu,Nhập khẩu,Sedan,89.000 km,Máy xăng,Số tự động,https://oto.com.vn//mua-ban-xe-hyundai-grand-i10-nghe-an/ban-gap-aidxc23052215
Ford Tourneo Titanium,2019,680 triệu,Trong nước,MPV,58.000 km,Máy xăng,Số tự động,https://oto.com.vn//mua-ban-xe-ford-tourneo-hcm/xe-gia-dinh-chu-xe-giu-ky-aidxc23058717
Kia Carnival 3.5G Signature 7 ghế,2022,1 tỉ 559 triệu,Trong nước,MPV,18.888 km,Máy xăng,Số tự động,https://oto.com.vn//mua-ban-xe-kia-carnival-hcm/may-xanh-bang-cao-nhat-35-aidxc23058246
Toyota Innova 2.0E,2022,690 triệu,Trong nước,SUV,26.000 km,Máy xăng,Số sàn,https://oto.com.vn//mua-ban-xe-toyota-innova-hcm/20e-so-san-2022-xe-gia-dinh-khong-qua-taxi-dich-vu-dep-nhu-moi-aidxc23052286
Audi A4,2022,1 tỉ 489 triệu,Nhập khẩu,Sedan,46.000 km,Máy xăng,Số tự động,https://oto.com.vn//mua-ban-xe-audi-a4-hcm/1-ty-489tr-co-thuong-luong-them-aidxc23057991
Mercedes-Benz GLC 200,2022,1 tỉ 520 triệu,Trong nước,SUV,33.796 km,Máy xăng,Số tự động,https://oto.com.vn//mua-ban-xe-mercedes-benz-glc-200-hcm/chay-duoc-21000-miles-aidxc23057988
Mercedes-Benz E200,2020,1 tỉ 099 triệu,Trong nước,Sedan,125.529 km,Máy xăng,Số tự động,https://oto.com.vn//mua-ban-xe-mercedes-benz-e200-hcm/gia-tot-aidxc23057984
Porsche Macan GTS,2016,1 tỉ 699 triệu,Trong nước,,39.000 km,Máy xăng,Số tự động,https://oto.com.vn//mua-ban-xe-porsche-macan-hcm/xe-dep-cuc-chat-aidxc23057983
Mercedes-Benz C200,2018,789 triệu,Trong nước,,49.600 km,Máy xăng,Số tự động,https://oto.com.vn//mua-ban-xe-mercedes-benz-c200-hcm/xe-chinh-chu-chay-it-nen-con-rat-moi-aidxc23057975
Mercedes-Benz E300 AMG V1,2021,2 tỉ 199 triệu,Nhập khẩu,Sedan,26.000 km,Máy xăng,Số tự động,https://oto.com.vn//mua-ban-xe-mercedes-benz-e300-hcm/dk-2022-lan-banh-moi-26000km-da-test-hang-day-du-aidxc23057918
Toyota Sienna,2021,3 tỉ 999 triệu,Nhập khẩu,SUV,22.000 km,Máy xăng,Số tự động,https://oto.com.vn//mua-ban-xe-toyota-sienna-ha-noi/chay-22-van-aidxc23057788
Mazda 2 Sedan 1.5L Luxury,2022,465 triệu,Nhập khẩu,Sedan,24.000 km,Máy xăng,Số tự động,https://oto.com.vn//mua-ban-xe-mazda-2-long-an/mau-trang-noi-that-den-aidxc23057780
Toyota Sienna Limited,2013,1 tỉ 290 triệu,Nhập khẩu,Van/Minivan,68.000 km,Máy xăng,Số hỗn hợp,https://oto.com.vn//mua-ban-xe-toyota-sienna-hcm/toyata-limited-aidxc23054206
Mercedes-Benz V250 Luxury,2022,2 tỉ 150 triệu,Nhập khẩu,MPV,20.000 km,Máy xăng,Số hỗn hợp,https://oto.com.vn//mua-ban-xe-mercedes-benz-v250-hcm/mercesdes-benz-luxury-aidxc23045243
Cadillac Escalade ESV,2020,6 tỉ 200 triệu,Nhập khẩu,SUV,29.000 km,Máy xăng,Số hỗn hợp,https://oto.com.vn//mua-ban-xe-cadillac-escalade-hcm/cadilac-esv-platinum-aidxc23020968
Hyundai Santa Fe 2.4L Xăng Đặc biệt,2018,750 triệu,Trong nước,SUV,39.000 km,Máy xăng,Số hỗn hợp,https://oto.com.vn//mua-ban-xe-hyundai-santa-fe-hcm/24-l-aidxc23017410
Mercedes-Benz Maybach S450 4Matic,2020,4 tỉ 900 triệu,Nhập khẩu,Sedan,22.000 km,Máy xăng,Số hỗn hợp,https://oto.com.vn//mua-ban-xe-mercedes-benz-maybach-s450-hcm/mercesdes-4matic-aidxc23016026
Bentley Flying Spur W12,2016,6 tỉ 200 triệu,Nhập khẩu,Sedan,10.000 km,Máy xăng,Số tự động,https://oto.com.vn//mua-ban-xe-bentley-flying-spur-hcm/xe-mau-bac-nhap-khau-nguyen-chiec-aid1xc22749196
Mitsubishi Xpander 1.5 AT,2019,495 triệu,Trong nước,MPV,56.000 km,Máy xăng,Số tự động,https://oto.com.vn//mua-ban-xe-mitsubishi-xpander-ha-noi/gia-495-trieu-aidxc23056067
Ford Ranger Raptor,2019,918 triệu,Nhập khẩu,Bán Tải,60.000 km,Máy dầu,Số tự động,https://oto.com.vn//mua-ban-xe-ford-ranger-raptor-hcm/12020-nhap-thaixe-khong-nien-han-aidxc23043611
Volvo S90 Ultimate AWD,2023,2 tỉ 069 triệu,Nhập khẩu,Sedan,7.000 km,Máy xăng,Số tự động,https://oto.com.vn//mua-ban-xe-volvo-s90-hcm/dk-012024-sieu-luot-7000km-aidxc23055710
Mazda 2 Sedan 1.5L Luxury,2022,469 triệu,Trong nước,Sedan,25.000 km,Máy xăng,Số tự động,https://oto.com.vn//mua-ban-xe-mazda-2-hcm/xe-chay-v5-aidxc23050585
Hyundai Accent 1.4 AT Đặc biệt,2022,483 triệu,Trong nước,Sedan,26.000 km,Máy xăng,Số tự động,https://oto.com.vn//mua-ban-xe-hyundai-accent-hcm/xe-chay-2v6-aidxc23042538
Ford Ranger,2021,720 triệu,Trong nước,Bán Tải,50.000 km,Máy dầu,Số tự động,https://oto.com.vn//mua-ban-xe-ford-ranger-ha-noi/gia-ban-720tr-aidxc23055396
Porsche Cayenne,2022,5 tỉ 390 triệu,Nhập khẩu,SUV,7.000 km,Máy xăng,Số tự động,https://oto.com.vn//mua-ban-xe-porsche-cayenne-ha-noi/check-hang-toan-quoc-aidxc23055363
Toyota Innova 2.0E,2018,505 triệu,Trong nước,MPV,92.000 km,Máy xăng,Số sàn,https://oto.com.vn//mua-ban-xe-toyota-innova-long-an/amau-xam-noi-that-nau-aidxc23055352
Porsche Macan,2017,1 tỉ 799 triệu,Nhập khẩu,Sedan,38.000 km,Máy xăng,Số tự động,https://oto.com.vn//mua-ban-xe-porsche-macan-hcm/xe-nha-trum-men-khong-chay-moi-95-1-doi-chu-full-option-khong-thieu-thu-gi-toan-bo-con-zin-aidxc23046542
MG ZS 1.5L LUX+,2023,530 triệu,Trong nước,SUV,10.000 km,Máy xăng,Số tự động,https://oto.com.vn//mua-ban-xe-mg-zs-ha-noi/xe-dep-nhu-moi-chay-hon-1v-km-1-chu-tu-dau-aidxc23055009
Ford EcoSport Titanium 1.0L AT,2018,429 triệu,Trong nước,SUV,96.000 km,Máy xăng,Số tự động,https://oto.com.vn//mua-ban-xe-ford-ecosport-ha-noi/mau-moi-bien-sg-ten-tu-nhan-aidxc23054990
Honda CR-V 1.5 L,2020,855 triệu,Trong nước,SUV,76.000 km,Máy xăng,Số tự động,https://oto.com.vn//mua-ban-xe-honda-cr-v-ha-noi/bien-tinh-ten-tu-nhan-chay-chuan-aidxc23054983
Mitsubishi Xpander 1.5 AT,2019,539 triệu,Trong nước,MPV,50.000 km,Máy xăng,Số tự động,https://oto.com.vn//mua-ban-xe-mitsubishi-xpander-hai-duong/ho-tro-bank-50-70-gia-tri-xe-aidxc23054976
Mitsubishi Xpander Cross 1.5 AT,2021,579 triệu,Trong nước,MPV,51.000 km,Máy xăng,Số tự động,https://oto.com.vn//mua-ban-xe-mitsubishi-xpander-cross-hcm/bao-check-toan-quoc-aidxc23038582
Kia K3 1.6 Turbo GT,2022,660 triệu,Trong nước,Sedan,40.000 km,Máy xăng,Số tự động,https://oto.com.vn//mua-ban-xe-kia-k3-ha-noi/ban-full-dat-nhat-hang-hiem-aidxc23054501
Kia Morning EX 1.25 MT,2017,173 triệu,Trong nước,Hatchback,150.000 km,Máy xăng,Số sàn,https://oto.com.vn//mua-ban-xe-kia-morning-hung-yen/xe-dep-chat-khong-loi-full-kich-do-choi-noi-ngoai-that-rat-moi-lop-dep-aidxc23054428
Hyundai i20 1.4 AT,2011,245 triệu,Nhập khẩu,Hatchback,70.000 km,Máy xăng,Số tự động,https://oto.com.vn//mua-ban-xe-hyundai-i20-hung-yen/xe-nhap-khau-5-cua-ten-tu-nhan-bien-29a-xe-di-7-van-dai-chat-nhin-la-me-may-s-aidxc23054427
Toyota Corolla Altis 1.8G MT,2010,265 triệu,Trong nước,Sedan,160.000 km,Máy xăng,Số sàn,https://oto.com.vn//mua-ban-xe-toyota-corolla-altis-tuyen-quang/phom-moi-may-dual-vvti-xe-tu-nhan-ho-so-cam-tay-xe-zin-het-may-so-keo-chi-zin-man-hinh-cam-du-aidxc23054425
Toyota Camry 2.5G,2016,639 triệu,Trong nước,,60.000 km,Máy xăng,Số tự động,https://oto.com.vn//mua-ban-xe-toyota-camry-hai-duong/xe-cuc-dep-full-lich-su-bao-duong-aidxc23039463
Toyota Camry 2.0E,2015,510 triệu,Nhập khẩu,Sedan,140.000 km,Máy xăng,Số tự động,https://oto.com.vn//mua-ban-xe-toyota-camry-hai-duong/xe-dep-odo-14-van-bao-check-test-aidxc23053004
Toyota Camry 2.5Q,2022,1 tỉ 229 triệu,Nhập khẩu,Sedan,40.000 km,Máy xăng,Số tự động,https://oto.com.vn//mua-ban-xe-toyota-camry-long-an/ho-tro-vay-ngan-hang-75-gia-tri-xe-aidxc23052727
Mazda CX-5 2.5L Signature Premium AWD,2020,775 triệu,Trong nước,SUV,28.000 km,Máy xăng,Số tự động,https://oto.com.vn//mua-ban-xe-mazda-cx-5-long-an/cam-ket-may-moc-nguyen-ban-khong-dai-tu-may-aidxc23052711
Ford Ranger Wildtrak 4x4 AT,2021,726 triệu,Trong nước,,61.000 km,Máy xăng,Số tự động,https://oto.com.vn//mua-ban-xe-ford-ranger-hcm/alo-em-dong-thuong-luong-them-aidxc23037699
Hyundai Kona 2.0 AT Tiêu chuẩn,2019,485 triệu,Trong nước,SUV,70.000 km,Máy xăng,Số tự động,https://oto.com.vn//mua-ban-xe-hyundai-kona-ha-noi/xe-cuc-dep-odo-7v-chuan-aidxc23051493
Hyundai Accent 1.4 AT,2019,418 triệu,Trong nước,,72.000 km,Máy xăng,Số tự động,https://oto.com.vn//mua-ban-xe-hyundai-accent-hai-phong/ban-du-san-xuat-2019-ath-may-14l-so-tu-dong-dep-nhu-moi-aidxc23051376
Toyota Corolla Altis 1.8G MT,2010,265 triệu,Trong nước,Sedan,160.000 km,Máy xăng,Số sàn,https://oto.com.vn//mua-ban-xe-toyota-corolla-altis-hung-yen/phom-moi-may-dual-vvti-xe-tu-nhan-ho-so-cam-tay-xe-zin-het-may-so-keo-chi-zin-man-hinh-cam-du-aidxc23048219
Mercedes-Benz GLC 300 4Matic Coupe,2017,1 tỉ 399 triệu,Nhập khẩu,,72.420 km,Máy xăng,Số tự động,https://oto.com.vn//mua-ban-xe-mercedes-benz-glc-300-hcm/xe-nhap-khau-nguyen-chiec-ban-xe-cuc-dep-aidxc23051068
Ford Ranger XLS 2.2L 4x2 MT,2019,498 triệu,Nhập khẩu,Bán Tải,50.000 km,Máy dầu,Số sàn,https://oto.com.vn//mua-ban-xe-ford-ranger-hcm/2019-so-san-1-chuxe-da-full-optionbao-test-hang-aidxc23043473
Toyota Sienna,2017,2 tỉ 110 triệu,Nhập khẩu,Van/Minivan,50.000 km,Máy xăng,Số tự động,https://oto.com.vn//mua-ban-xe-toyota-sienna-hcm/hang-my-nha-trum-men-khong-chay-moi-97-nhu-2021-fulloption-khong-thieu-thu-gi-nem-da-zin-aidxc23015286
Mazda 3 Sedan 1.5L Luxury,2022,605 triệu,Trong nước,Sedan,29.000 km,Máy xăng,Số tự động,https://oto.com.vn//mua-ban-xe-mazda-3-hcm/dep-khong-loi-nho-aidxc23050593
Volkswagen Jetta,2018,489 triệu,Nhập khẩu,Sedan,48.000 km,Máy xăng,Số tự động,https://oto.com.vn//mua-ban-xe-volkswagen-jetta-ha-noi/489tr-aidxc23049834
Mercedes-Benz GLK 220,2015,668 triệu,Trong nước,SUV,60.000 km,Máy xăng,Số tự động,https://oto.com.vn//mua-ban-xe-mercedes-benz-glk-220-hcm/668-tr-aidxc23049711
Ford Ranger XLS 2.2 4x2 AT,2020,570 triệu,Nhập khẩu,Bán Tải,60.000 km,Máy dầu,Số tự động,https://oto.com.vn//mua-ban-xe-ford-ranger-hcm/2020-so-tu-dong1-chu-nhap-thai-lan-aidxc23042438
VinFast Fadil Cao cấp,2021,365 triệu,Trong nước,Hatchback,46.000 km,Máy xăng,Số tự động,https://oto.com.vn//mua-ban-xe-vinfast-fadil-ha-noi/xe-1-chu-tu-voi-km-zin-hop-menh-hoa-aidxc23048780
Honda City RS,2021,490 triệu,Trong nước,,50.000 km,Máy xăng,Số tự động,https://oto.com.vn//mua-ban-xe-honda-city-ha-noi/ban-cao-cap-nhat-1-chu-tu-dau-odo-chuan-5v-km-aidxc23048741
Toyota Land Cruiser Prado VX,2018,1 tỉ 950 triệu,Nhập khẩu,SUV,60.000 km,Máy xăng,Số tự động,https://oto.com.vn//mua-ban-xe-toyota-land-cruiser-prado-ha-noi/vx-2018-aidxc23048702
Chevrolet Spark,2017,192 triệu,Nhập khẩu,,81.000 km,Máy xăng,Số tự động,https://oto.com.vn//mua-ban-xe-chevrolet-spark-binh-duong/xe-dep-zin-ko-loi-aidxc23048452
Mitsubishi Xpander 1.5 AT,2023,575 triệu,Nhập khẩu,MPV,3.500 km,Máy xăng,Số tự động,https://oto.com.vn//mua-ban-xe-mitsubishi-xpander-vinh-phuc/ban-mitshubishi-15at-sx-2023-aidxc23047553
Hyundai Grand i10,2016,175 triệu,Trong nước,Hatchback,120.000 km,Máy xăng,Số sàn,https://oto.com.vn//mua-ban-xe-hyundai-grand-i10-nghe-an/chay-rat-it-aidxc23037800
Toyota Land Cruiser Prado VX,2019,2 tỉ 120 triệu,Nhập khẩu,SUV,65.000 km,Máy xăng,Số tự động,https://oto.com.vn//mua-ban-xe-toyota-land-cruiser-prado-hcm/xe-mau-trang-bien-thanh-pho-may-xang-so-tu-dong-xe-chuan-dep-khong-loi-aidxc23046893
Ford Territory,2023,845 triệu,Trong nước,SUV,10.000 km,Máy xăng,Số tự động,https://oto.com.vn//mua-ban-xe-ford-territory-ha-noi/845-trieu-aidxc23045884
Hyundai Accent 1.4 AT Đặc biệt,2022,485 triệu,Trong nước,Sedan,12.000 km,Máy xăng,Số tự động,https://oto.com.vn//mua-ban-xe-hyundai-accent-da-nang/ath-2022-ho-tro-vay-ngan-hang-aidxc23045829
Hyundai Grand i10,2014,140 triệu,Nhập khẩu,Hatchback,110.000 km,Máy xăng,Số sàn,https://oto.com.vn//mua-ban-xe-hyundai-grand-i10-nghe-an/xe-dep-aidxc23045824
BMW 530i Luxury Line,2018,1 tỉ 250 triệu,Nhập khẩu,Sedan,38.300 km,Máy xăng,Số tự động,https://oto.com.vn//mua-ban-xe-bmw-530i-ha-noi/chinh-chu-can-ban-luxury-line-model-2019-aidxc23044065
Honda CR-V 1.5 L,2019,797 triệu,Nhập khẩu,Crossover,60.000 km,Máy xăng,Số tự động,https://oto.com.vn//mua-ban-xe-honda-cr-v-ha-noi/crv-l-nhap-thai-lan-trang-2019-aidxc23044792
Honda CR-V 1.5 L,2020,865 triệu,Nhập khẩu,Crossover,50.000 km,Máy xăng,Số tự động,https://oto.com.vn//mua-ban-xe-honda-cr-v-ha-noi/xe-moi-khet-let-mau-dep-mien-che-anh-em-menh-hoa-chot-manh-nhe-aidxc23015153
Mazda CX-5 2.0 Premium,2020,750 triệu,Trong nước,Crossover,44.000 km,Máy xăng,Số tự động,https://oto.com.vn//mua-ban-xe-mazda-cx-5-ha-noi/full-chuc-nang-an-cam-360-ap-suat-lop-aidxc23013930
VinFast LUX A2.0 Tiêu chuẩn,2021,598 triệu,Trong nước,Sedan,37.000 km,Máy xăng,Số tự động,https://oto.com.vn//mua-ban-xe-vinfast-lux-a20-ha-noi/xe-mau-dep-chat-xe-khong-can-ban-aidxc23006159
Ford Everest Trend 2.0 AT 4x2,2019,825 triệu,Nhập khẩu,SUV,80.000 km,Máy dầu,Số tự động,https://oto.com.vn//mua-ban-xe-ford-everest-hcm/20191-chuxe-chinh-hang-co-ho-tro-tra-gop-aidxc23044736
Mercedes-Benz C300,2021,1 tỉ 350 triệu,Trong nước,Sedan,22.000 km,Máy xăng,Số tự động,https://oto.com.vn//mua-ban-xe-mercedes-benz-c300-ha-noi/mercedes-sane-xuat-2021-mau-do-nt-den-aidxc23012401
Mercedes-Benz C300,2018,970 triệu,Nhập khẩu,,50.000 km,Máy xăng,Số tự động,https://oto.com.vn//mua-ban-xe-mercedes-benz-c300-ha-noi/xe-dep-nhu-moi-trang-bi-full-option-hien-dai-aidxc23016503
Mercedes-Benz GLE 400,2016,1 tỉ 500 triệu,Trong nước,Sedan,70.000 km,Máy xăng,Số tự động,https://oto.com.vn//mua-ban-xe-mercedes-benz-gle-400-ha-noi/1-ty-500tr-aidxc23000302
Audi Q7,2012,720 triệu,Nhập khẩu,SUV,80.000 km,Máy xăng,Số tự động,https://oto.com.vn//mua-ban-xe-audi-q7-ha-noi/gia-720tr-aidxc23038164
Ford Ranger,2017,480 triệu,Nhập khẩu,Bán Tải,57.000 km,Máy dầu,Số tự động,https://oto.com.vn//mua-ban-xe-ford-ranger-ha-noi/gia-480tr-aidxc23038168
BMW 320i,2016,699 triệu,Nhập khẩu,Sedan,60.000 km,Máy xăng,Số tự động,https://oto.com.vn//mua-ban-xe-bmw-320i-ha-noi/gia-699tr-con-thuong-luong-them-aidxc23038160
Lexus RX 350,2010,880 triệu,Nhập khẩu,SUV,65.000 km,Máy xăng,Số tự động,https://oto.com.vn//mua-ban-xe-lexus-rx-350-ha-noi/gia-880tr-co-thuong-luong-aidxc23043704
Mazda CX-5 2.0l deluxe,2022,739 triệu,Trong nước,Crossover,17.000 km,Máy xăng,Số tự động,https://oto.com.vn//mua-ban-xe-mazda-cx-5-ha-noi/cx5-20-deluxe-2022-len-cop-dien-da-cop-hud-kinh-aidxc23043688
Mercedes-Benz E200,2015,659 triệu,Trong nước,Sedan,156.106 km,Máy xăng,Số tự động,https://oto.com.vn//mua-ban-xe-mercedes-benz-e200-hcm/may-moc-nguyen-ban-nha-san-xuat-aidxc23039265
Toyota Vios 1.5 E CVT,2022,470 triệu,Trong nước,Sedan,80.000 km,Máy xăng,Số tự động,https://oto.com.vn//mua-ban-xe-toyota-vios-quang-nam/15e-cvt-2022-aidxc23042501
Toyota Land Cruiser,2024,5 tỉ 450 triệu,Nhập khẩu,SUV,5.000 km,Máy xăng,Số tự động,https://oto.com.vn//mua-ban-xe-toyota-land-cruiser-long-an/gia-thuong-luong-co-bot-loc-aidxc23041393
Hyundai Elantra N. Line,2022,725 triệu,Trong nước,Sedan,34.000 km,Máy xăng,Số tự động,https://oto.com.vn//mua-ban-xe-hyundai-elantra-long-an/gia-hop-ly-xe-ca-nhan-aidxc23041387
Kia Carnival 2.2D Luxury,2022,1 tỉ 110 triệu,Trong nước,MPV,29.000 km,Máy dầu,Số tự động,https://oto.com.vn//mua-ban-xe-kia-carnival-ha-noi/chinh-chu-ban-luxury-8s-mau-den-nt-kem-sieu-luot-aidxc23039680
Kia Carnival 3.5G Signature,2022,1 tỉ 489 triệu,Trong nước,MPV,5.000 km,Máy xăng,Số tự động,https://oto.com.vn//mua-ban-xe-kia-carnival-long-an/xe-dep-nhu-moi-trang-bi-full-option-aidxc23041306
Mitsubishi Attrage CVT Premium,2021,385 triệu,Nhập khẩu,Sedan,65.000 km,Máy xăng,Số tự động,https://oto.com.vn//mua-ban-xe-mitsubishi-attrage-hcm/mot-chu-tu-dau-xe-con-dep-aidxc23001701
MG 5 1.5L STD,2022,450 triệu,Nhập khẩu,Sedan,6.500 km,Máy xăng,Số tự động,https://oto.com.vn//mua-ban-xe-mg-5-da-nang/2022-dang-ky-2023-aidxc23039784
Ford EcoSport Titanium 1.5L AT,2019,450 triệu,Trong nước,MPV,76.000 km,Máy xăng,Số tự động,https://oto.com.vn//mua-ban-xe-ford-ecosport-binh-duong/dong-co-may-moc-nguyen-zin-aidxc23039131
Mitsubishi Xpander 1.5 AT,2020,515 triệu,Nhập khẩu,MPV,71.000 km,Máy xăng,Số tự động,https://oto.com.vn//mua-ban-xe-mitsubishi-xpander-binh-duong/gia-515-tr-aidxc23037897
Hyundai Accent 1.4 MT,2019,368 triệu,Trong nước,,62.000 km,Máy xăng,Số sàn,https://oto.com.vn//mua-ban-xe-hyundai-accent-hai-phong/ban-du-dep-nhu-moi-aidxc23037587
Kia Sorento 2.4AT,2018,575 triệu,Trong nước,MPV,43.000 km,Máy xăng,Số tự động,https://oto.com.vn//mua-ban-xe-kia-sorento-binh-duong/gia-575-tr-aidxc23012395
Ford Everest Titanium 2.0 AT 4x2,2022,1 tỉ 198 triệu,Nhập khẩu,SUV,28.000 km,Máy dầu,Số tự động,https://oto.com.vn//mua-ban-xe-ford-everest-ha-noi/20at-dep-nhu-xe-moi-trong-hang-aidxc23046139
BMW 530i Luxury Line,2018,1 tỉ 389 triệu,Nhập khẩu,Sedan,39.000 km,Máy xăng,Số tự động,https://oto.com.vn//mua-ban-xe-bmw-530i-ha-noi/chinh-chu-ban-luxury-line-model-2019-aidxc23039674
Kia Carnival 3.5G Signature,2022,1 tỉ 399 triệu,Trong nước,MPV,41.000 km,Máy xăng,Số tự động,https://oto.com.vn//mua-ban-xe-kia-carnival-hcm/gia-co-thuong-luong-them-aidxc23039255