car_name,year,price,assemble_place,series,km,num_of_door,num_of_seat,engine_type,transmission
 Kia Cerato 1.6 AT,2017, 425 Triệu,Lắp ráp trong nước,Sedan,55000,4 cửa,5 chỗ,Xăng,Số tự động
 Kia Cerato 2.0 AT,2016, 455 Triệu,Lắp ráp trong nước,Sedan,40000,4 cửa,5 chỗ,Xăng,Số tự động
 Hyundai i20 Active 1.4 AT,2016, 360 Triệu,Nhập khẩu,Crossover,58000,5 cửa,5 chỗ,Xăng,Số tự động
 VinFast Fadil Plus,2020, 345 Triệu,Lắp ráp trong nước,Hatchback,20000,4 cửa,5 chỗ,Xăng,Số tự động
 Mercedes Benz GLC 300 4Matic,2021, 1 Tỷ 898 Triệu,Lắp ráp trong nước,SUV,26000,5 cửa,5 chỗ,Xăng,Số tự động
 Kia Sorento GATH,2017, 620 Triệu,Lắp ráp trong nước,SUV,80000,5 cửa,7 chỗ,Xăng,Số tự động
 Mercedes Benz GLK Class GLK250 AMG 4Matic,2014, 780 Triệu,Lắp ráp trong nước,SUV,68000,5 cửa,5 chỗ,Xăng,Số tự động
 Toyota Vios,GR,"S 1.5 CVT 
						2021
						",Lắp ráp trong nước,Sedan,18000,4 cửa,5 chỗ,Xăng,Số tự động
 Ford Ranger Raptor 2.0L 4x4 AT,2021, 1 Tỷ 290 Triệu,Nhập khẩu,Bán tải / Pickup,20000,4 cửa,5 chỗ,Dầu,Số tự động
 Toyota Corolla Cross 1.8V,2020, 740 Triệu,Nhập khẩu,SUV,39000,5 cửa,5 chỗ,Xăng,Số tự động
 Nissan Navara VL 2.5 AT 4WD,2015, 505 Triệu,Nhập khẩu,Bán tải / Pickup,90000,4 cửa,5 chỗ,Dầu,Số tự động
 Mazda CX5 2.0 AT,2015, 550 Triệu,Lắp ráp trong nước,SUV,80000,5 cửa,5 chỗ,Xăng,Số tự động
 Ford Everest Titanium 2.0L 4x2 AT,2020, 930 Triệu,Nhập khẩu,SUV,49000,5 cửa,7 chỗ,Dầu,Số tự động
 Mazda 3,2015, 400 Triệu,Nhập khẩu,Sedan,120000,0 cửa,0 chỗ,-,-
 Hyundai SantaFe 2.4L 4WD,2018, 750 Triệu,Lắp ráp trong nước,SUV,58000,5 cửa,7 chỗ,Xăng,Số tự động
 Mercedes Benz GLA class GLA 250 4Matic,2016, 800 Triệu,Nhập khẩu,SUV,60000,5 cửa,5 chỗ,Xăng,Số tự động
 Toyota Corolla altis 1.8G AT,2014, 450 Triệu,Lắp ráp trong nước,Sedan,100000,4 cửa,5 chỗ,Xăng,Số tự động
 Isuzu QKR 230,2021, 410 Triệu,Lắp ráp trong nước,Truck,25000,2 cửa,3 chỗ,Dầu,Số tay
 Isuzu QKR 230,2021, 410 Triệu,Lắp ráp trong nước,Truck,25000,2 cửa,3 chỗ,Dầu,Số tay
 Mercedes Benz S class S400L,2014, 2 Tỷ 999 Triệu,Lắp ráp trong nước,Sedan,33000,4 cửa,5 chỗ,Xăng,Số tự động
 Honda City 1.5TOP,2020, 489 Triệu,Lắp ráp trong nước,Sedan,40000,4 cửa,5 chỗ,Xăng,Số tự động
 Ford Everest Titanium 2.0L 4x2 AT,2021, 999 Triệu,Nhập khẩu,SUV,30000,5 cửa,7 chỗ,Dầu,Số tự động
 Mercedes Benz C class C200,2019, 1 Tỷ 60 Triệu,Lắp ráp trong nước,Sedan,20000,4 cửa,5 chỗ,Xăng,Số tự động
 Kia Morning Van 1.0 AT,2012, 196 Triệu,Nhập khẩu,Van/Minivan,66000,5 cửa,2 chỗ,Xăng,Số tự động
 Lexus LS 460L AWD,2013, 2 Tỷ 150 Triệu,Nhập khẩu,Sedan,99990,4 cửa,5 chỗ,Xăng,Số tự động
 Mercedes Benz S class S400L,2016, 1 Tỷ 979 Triệu,Lắp ráp trong nước,Sedan,50000,4 cửa,5 chỗ,Xăng,Số tự động
 Toyota Land Cruiser 3.5 V6,2021, 4 Tỷ 890 Triệu,Nhập khẩu,SUV,20000,5 cửa,7 chỗ,Xăng,Số tự động
 Hyundai Kona 2.0 ATH,2018, 515 Triệu,Lắp ráp trong nước,Crossover,600000,5 cửa,5 chỗ,Xăng,Số tự động
 Toyota Prado TXL 2.7L,2010, 779 Triệu,Nhập khẩu,SUV,93000,5 cửa,7 chỗ,Xăng,Số tự động
 Toyota Prado VX 2.7L,2022, 2 Tỷ 899 Triệu,Nhập khẩu,SUV,20000,5 cửa,7 chỗ,Xăng,Số tự động
 Mazda 3 1.5 AT,2018, 499 Triệu,Lắp ráp trong nước,Hatchback,29000,5 cửa,5 chỗ,Xăng,Số tự động
 Kia K3 Premium 1.6 AT,2022, 635 Triệu,Lắp ráp trong nước,Sedan,11000,4 cửa,5 chỗ,Xăng,Số tự động
 BMW 3 Series 320i,2011, 390 Triệu,Nhập khẩu,Sedan,34000,4 cửa,5 chỗ,Xăng,Số tự động
 Ford Ranger XLS 2.2L 4x2 MT,2018, 498 Triệu,Nhập khẩu,Bán tải / Pickup,76000,4 cửa,5 chỗ,Dầu,Số tay
 Mazda 3 2.0 AT,2018, 499 Triệu,Lắp ráp trong nước,Sedan,35000,4 cửa,5 chỗ,Xăng,Số tự động
 Kia Cerato 2.0 AT Premium,2021, 569 Triệu,Lắp ráp trong nước,Sedan,32000,4 cửa,5 chỗ,Xăng,Số tự động
 Kia Morning moning AT 1.0,2013, 190 Triệu,Nhập khẩu,Crossover,65000,5 cửa,2 chỗ,Xăng,Số tự động
 Hyundai Accent 1.4 AT Đặc Biệt,2020, 445 Triệu,Lắp ráp trong nước,Sedan,38000,4 cửa,5 chỗ,Xăng,Số tự động
 Lexus ES 250,2020, 2 Tỷ 290 Triệu,Nhập khẩu,Sedan,19000,4 cửa,5 chỗ,Xăng,Số tự động
 Toyota Corolla Cross 1.8HV,2021, 870 Triệu,Nhập khẩu,SUV,32000,5 cửa,5 chỗ,Hybrid,Số tự động
 Mazda cx3 Luxury 1.5 AT,2022, 599 Triệu,Nhập khẩu,Crossover,12000,5 cửa,5 chỗ,Xăng,Số tự động
 VinFast Fadil Tiêu chuẩn 1.4 AT,2022, 339 Triệu,Lắp ráp trong nước,Hatchback,19528,5 cửa,5 chỗ,Xăng,Số tự động
 Kia Cerato 1.6 AT,2018, 465 Triệu,Lắp ráp trong nước,Sedan,56280,4 cửa,5 chỗ,Xăng,Số tự động
 Kia K3 Premium 1.6 AT,2022, 619 Triệu,Lắp ráp trong nước,Sedan,5400,4 cửa,5 chỗ,Xăng,Số tự động
 Toyota Hilux 2.4L 4x2 AT,2021, 695 Triệu,Nhập khẩu,Bán tải / Pickup,17000,4 cửa,5 chỗ,Dầu,Số tự động
 Kia Morning SLX,2010, 199 Triệu,Nhập khẩu,Hatchback,95000,4 cửa,5 chỗ,Xăng,Số tự động
 Mercedes Benz E class E200 Sport,2019, 1 Tỷ 500 Triệu,Lắp ráp trong nước,Sedan,27000,4 cửa,5 chỗ,Xăng,Số tự động
 Ford Everest 2.5L 4x2 AT,2010, 395 Triệu,Lắp ráp trong nước,SUV,136589,5 cửa,8 chỗ,Dầu,Số tự động
 Volvo XC90 3.2 AT AWD,2008, 550 Triệu,Nhập khẩu,SUV,86000,5 cửa,7 chỗ,Xăng,Số tự động
 Mercedes Benz E class E300 AMG,2021, 2 Tỷ 288 Triệu,Lắp ráp trong nước,Sedan,18000,4 cửa,5 chỗ,Xăng,Số tự động
 Hyundai Tucson 1.6 AT Turbo,2019, 699 Triệu,Lắp ráp trong nước,Crossover,50000,5 cửa,5 chỗ,Xăng,Số tự động
 Kia Cerato 1.6 AT,2018, 469 Triệu,Lắp ráp trong nước,Sedan,50000,4 cửa,5 chỗ,Xăng,Số tự động
 Mercedes Benz E class E300 AMG,2021, 2 Tỷ 288 Triệu,Lắp ráp trong nước,Sedan,18000,4 cửa,5 chỗ,Xăng,Số tự động
 Hyundai Tucson 1.6 AT Turbo,2019, 699 Triệu,Lắp ráp trong nước,Crossover,50000,5 cửa,5 chỗ,Xăng,Số tự động
 Kia Cerato 1.6 AT,2018, 469 Triệu,Lắp ráp trong nước,Sedan,50000,4 cửa,5 chỗ,Xăng,Số tự động
 Mercedes Benz GLC 200 4 Matic,2022, 1 Tỷ 730 Triệu,Lắp ráp trong nước,SUV,31000,4 cửa,5 chỗ,Xăng,Số tự động
 BMW X5 3.0si,2007, 355 Triệu,Nhập khẩu,SUV,90000,5 cửa,7 chỗ,Xăng,Số tự động
 Honda Civic RS 1.5 AT,2019, 615 Triệu,Nhập khẩu,Sedan,58000,4 cửa,5 chỗ,Xăng,Số tự động
 Toyota Prado VX 2.7L,2018, 1 Tỷ 860 Triệu,Nhập khẩu,SUV,45000,5 cửa,7 chỗ,Xăng,Số tự động
 Hyundai SantaFe Cao cấp 2.5L HTRAC,2022, 1 Tỷ 195 Triệu,Lắp ráp trong nước,SUV,6679,5 cửa,7 chỗ,Xăng,Số tự động
 Mercedes Benz E class E250,2019, 1 Tỷ 399 Triệu,Lắp ráp trong nước,Sedan,32000,4 cửa,5 chỗ,Xăng,Số tự động
 Volkswagen Polo 1.6 AT,2016, 320 Triệu,Nhập khẩu,Hatchback,100000,5 cửa,5 chỗ,Xăng,Số tự động
 Hyundai Accent,2019, 360 Triệu,Lắp ráp trong nước,Sedan,150,4 cửa,0 chỗ,Xăng,Số tay
 Mitsubishi Triton 4x2 AT Mivec,2020, 520 Triệu,Nhập khẩu,Bán tải / Pickup,37000,4 cửa,5 chỗ,Dầu,Số tự động
 Mazda 3 1.5 AT,2018, 485 Triệu,Lắp ráp trong nước,Hatchback,60000,5 cửa,5 chỗ,Xăng,Số tự động
 VinFast Fadil 1.4 AT,2021, 320 Triệu,Lắp ráp trong nước,Hatchback,9000,5 cửa,5 chỗ,Xăng,Số tự động
 VinFast Lux SA 2.0 Tiêu chuẩn,2022, 845 Triệu,Lắp ráp trong nước,SUV,18000,5 cửa,7 chỗ,Xăng,Số tự động
 Ford Focus Trend 1.5 Ecoboost,2019, 428 Triệu,Lắp ráp trong nước,Sedan,41000,4 cửa,5 chỗ,Xăng,Số tự động
 Ford Everest Titanium 2.0L 4x2 AT,2021, 968 Triệu,Nhập khẩu,SUV,17000,5 cửa,7 chỗ,Dầu,Số tự động
 Isuzu,MU,"X 
						1.9 4X2 AT 
						2019
						",Nhập khẩu,SUV,62000,5 cửa,7 chỗ,Dầu,Số tự động
 Hyundai Accent 1.4 AT Đặc Biệt,2021, 475 Triệu,Lắp ráp trong nước,Sedan,15000,4 cửa,5 chỗ,Xăng,Số tự động
 Mercedes Benz GLC 300 4Matic,2020, 1 Tỷ 750 Triệu,Lắp ráp trong nước,SUV,19200,5 cửa,5 chỗ,Xăng,Số tự động
 Toyota Camry 2.5Q,2020, 1 Tỷ 50 Triệu,Nhập khẩu,Sedan,22000,4 cửa,5 chỗ,Xăng,Số tự động
 Mercedes Benz GLE Class GLE 450 4Matic,2020, 3 Tỷ 290 Triệu,Nhập khẩu,SUV,10000,5 cửa,7 chỗ,Xăng,Số tự động
 Kia Sedona 2.2L DATH,2016, 650 Triệu,Lắp ráp trong nước,Van/Minivan,120000,5 cửa,7 chỗ,Dầu,Số tự động
 Toyota Corolla Cross 1.8HV,2021, 878 Triệu,Nhập khẩu,SUV,1,5 cửa,5 chỗ,Hybrid,Số tự động
 VinFast Lux SA 2.0 Premium 2.0 AT,2019, 765 Triệu,Lắp ráp trong nước,SUV,46000,5 cửa,7 chỗ,Xăng,Số tự động
 VinFast Lux SA 2.0 2.0 AT,2021, 775 Triệu,Lắp ráp trong nước,SUV,33000,5 cửa,7 chỗ,Xăng,Số tự động
 Chevrolet Trailblazer LTZ 2.8L 4x4 AT,2018, 685 Triệu,Nhập khẩu,SUV,68500,4 cửa,7 chỗ,Dầu,Số tự động
 VinFast Lux SA 2.0 2.0 AT,2021, 775 Triệu,Lắp ráp trong nước,SUV,26000,5 cửa,7 chỗ,Xăng,Số tự động
 Mazda 3 Luxury,2020, 555 Triệu,Lắp ráp trong nước,Sedan,53000,4 cửa,5 chỗ,Xăng,Số tự động
 VinFast Lux SA 2.0 Tiêu chuẩn,2022, 795 Triệu,Lắp ráp trong nước,SUV,22000,5 cửa,7 chỗ,Xăng,Số tự động
 VinFast Lux A 2.0 Nâng cao,2022, 676 Triệu,Lắp ráp trong nước,Sedan,9000,4 cửa,5 chỗ,Xăng,Số tự động
 VinFast Lux SA 2.0 Premium 2.0 AT,2019, 775 Triệu,Lắp ráp trong nước,SUV,62000,5 cửa,7 chỗ,Xăng,Số tự động
 Toyota Vios 1.5G,2011, 315 Triệu,Lắp ráp trong nước,Sedan,70000,4 cửa,5 chỗ,Xăng,Số tự động
 Thaco Foton,2012, 160 Triệu,Lắp ráp trong nước,Truck,12000,2 cửa,3 chỗ,Dầu,Số tay
 Mitsubishi Triton 4x2 AT,2018, 515 Triệu,Nhập khẩu,Bán tải / Pickup,58000,4 cửa,5 chỗ,Dầu,Số tự động
 Daewoo GentraX,2010, 85 Triệu,Lắp ráp trong nước,Sedan,6000000,5 cửa,5 chỗ,Xăng,Số tay
 VinFast Lux SA 2.0 Premium 2.0 AT,2021, 890 Triệu,Lắp ráp trong nước,SUV,27000,5 cửa,7 chỗ,Xăng,Số tự động
 Thaco Foton,2012, 160 Triệu,Lắp ráp trong nước,Truck,12000,2 cửa,3 chỗ,Dầu,Số tay
 Mitsubishi Triton 4x2 AT,2018, 515 Triệu,Nhập khẩu,Bán tải / Pickup,58000,4 cửa,5 chỗ,Dầu,Số tự động
 Daewoo GentraX,2010, 85 Triệu,Lắp ráp trong nước,Sedan,6000000,5 cửa,5 chỗ,Xăng,Số tay
 VinFast Lux SA 2.0 Premium 2.0 AT,2021, 890 Triệu,Lắp ráp trong nước,SUV,27000,5 cửa,7 chỗ,Xăng,Số tự động
 Toyota Vios 1.5E CVT,2020, 440 Triệu,Lắp ráp trong nước,Sedan,40000,4 cửa,5 chỗ,Xăng,Số tự động
 Hyundai Accent 1.4 AT,2021, 469 Triệu,Lắp ráp trong nước,Sedan,35000,4 cửa,5 chỗ,Xăng,Số tự động
 Audi Q5 2.0 AT,2011, 545 Triệu,Nhập khẩu,SUV,95000,5 cửa,5 chỗ,Xăng,Số tự động
 Hyundai Kona 1.6 Turbo,2018, 565 Triệu,Lắp ráp trong nước,Crossover,45000,5 cửa,5 chỗ,Xăng,Số tự động
 Toyota Vios 1.5E,2016, 340 Triệu,Lắp ráp trong nước,Sedan,80000,4 cửa,5 chỗ,Xăng,Số tay
 Kia Seltos 1.4 Delux,2021, 535 Triệu,Lắp ráp trong nước,Crossover,53000,5 cửa,5 chỗ,Xăng,Số tự động
 Toyota Alphard Luxury Executive Lounge,2023, 4 Tỷ 370 Triệu,Nhập khẩu,Van/Minivan,8,5 cửa,7 chỗ,Xăng,Số tự động
 Toyota Camry 2.4G,2003, 195 Triệu,Lắp ráp trong nước,Sedan,20,4 cửa,5 chỗ,Xăng,Số tay
 Hyundai Accent 1.4 AT,2011, 285 Triệu,Nhập khẩu,Sedan,118000,4 cửa,5 chỗ,Xăng,Số tự động
 Hyundai i10 Grand 1.2 MT,2018, 295 Triệu,Lắp ráp trong nước,Sedan,80000,4 cửa,5 chỗ,Xăng,Số tay
 Ford Everest Titanium 2.0L 4x2 AT,2022, 1 Tỷ 10 Triệu,Nhập khẩu,SUV,15000,5 cửa,7 chỗ,Dầu,Số tự động
 VinFast Fadil,2021, 309 Triệu,Lắp ráp trong nước,Hatchback,15231,4 cửa,5 chỗ,Xăng,Số tự động
 Kia Rio,2012, 275 Triệu,Nhập khẩu,Hatchback,70,5 cửa,5 chỗ,Xăng,Số tự động
 Toyota Camry 2.5Q,2022, 1 Tỷ 275 Triệu,Nhập khẩu,Sedan,13000,4 cửa,5 chỗ,Xăng,Số tự động
 VinFast Lux SA 2.0 Premium 2.0 AT,2020, 895 Triệu,Lắp ráp trong nước,SUV,46000,5 cửa,7 chỗ,Xăng,Số tự động
 Toyota Alphard 3.5 V6,2010, 1 Tỷ 180 Triệu,Nhập khẩu,Van/Minivan,87000,5 cửa,7 chỗ,Xăng,Số tự động
 Honda City L 1.5 AT,2021, 492 Triệu,Lắp ráp trong nước,Sedan,46000,4 cửa,5 chỗ,Xăng,Số tự động
 Kia Morning Van 1.0 AT,2015, 230 Triệu,Nhập khẩu,Van/Minivan,48000,5 cửa,2 chỗ,Xăng,Số tự động
 Mitsubishi Xpander 1.5 AT,2020, 550 Triệu,Nhập khẩu,SUV,55000,5 cửa,7 chỗ,Xăng,Số tự động
 Mercedes Benz C class C200 Avantgarde Plus,2022, 1 Tỷ 639 Triệu,Lắp ráp trong nước,Sedan,508,4 cửa,5 chỗ,Xăng,Số tự động
 Kia Cerato Koup 1.6 AT,2009, 295 Triệu,Nhập khẩu,Coupe,110000,2 cửa,5 chỗ,Xăng,Số tự động
 Mercedes Benz C class C250,2012, 455 Triệu,Lắp ráp trong nước,Sedan,60000,4 cửa,5 chỗ,Xăng,Số tự động
 Mazda 3 S 1.6 AT,2014, 350 Triệu,Lắp ráp trong nước,Sedan,59000,4 cửa,5 chỗ,Xăng,Số tự động
 Mercedes Benz CLA class CLA 45 AMG 4Matic,2014, 759 Triệu,Nhập khẩu,Sedan,89000,4 cửa,5 chỗ,Xăng,Số tự động
 Toyota Fortuner 2.5V AT,2008, 389 Triệu,Nhập khẩu,SUV,150000,5 cửa,8 chỗ,Dầu,Số tự động
 Mazda 6 2.0 AT,2015, 485 Triệu,Lắp ráp trong nước,Sedan,70000,4 cửa,5 chỗ,Xăng,Số tự động
 Kia Soluto 1.4 AT Deluxe,2021, 400 Triệu,Lắp ráp trong nước,Sedan,52000,4 cửa,5 chỗ,Xăng,Số tự động
 Ford Ranger XLS 2.2L 4x2 AT,2014, 400 Triệu,Nhập khẩu,Bán tải / Pickup,80000,4 cửa,5 chỗ,Dầu,Số tự động
 Porsche Cayenne GTS,2008, 695 Triệu,Nhập khẩu,SUV,110000,5 cửa,5 chỗ,Xăng,Số tự động
 Audi A6 1.8 TFSI,2016, 1 Tỷ 70 Triệu,Nhập khẩu,Sedan,40000,4 cửa,5 chỗ,Xăng,Số tự động
 Mercedes Benz A class A250 Sport AMG,2013, 569 Triệu,Nhập khẩu,Hatchback,62000,5 cửa,5 chỗ,Xăng,Số tự động
 Toyota Innova 2.0E,2017, 488 Triệu,Lắp ráp trong nước,Crossover,90000,5 cửa,8 chỗ,Xăng,Số tay
 Hyundai Elantra 2.0 AT,2020, 539 Triệu,Lắp ráp trong nước,Sedan,49000,4 cửa,5 chỗ,Xăng,Số tự động
 Mercedes Benz C class C300 AMG,2019, 1 Tỷ 299 Triệu,Lắp ráp trong nước,Sedan,16000,4 cửa,5 chỗ,Xăng,Số tự động
 Hyundai Tucson 1.6 AT Turbo,2020, 799 Triệu,Lắp ráp trong nước,Crossover,39000,5 cửa,5 chỗ,Xăng,Số tự động
 Ford Ranger Raptor 2.0L 4x4 AT,2018, 1 Tỷ,Nhập khẩu,Bán tải / Pickup,42000,4 cửa,5 chỗ,Dầu,Số tự động
 Toyota Venza 2.7,2010, 655 Triệu,Nhập khẩu,Crossover,64000,5 cửa,5 chỗ,Xăng,Số tự động
 Kia Cerato 2.0 AT Premium,2021, 570 Triệu,Lắp ráp trong nước,Sedan,35000,4 cửa,5 chỗ,Xăng,Số tự động
 Porsche 911 Carrera,2021, 7 Tỷ 500 Triệu,Nhập khẩu,Coupe,7000,2 cửa,4 chỗ,Xăng,Số tự động
 Ford EcoSport Titanium 1.5 AT,2021, 536 Triệu,Lắp ráp trong nước,SUV,49000,5 cửa,5 chỗ,Xăng,Số tự động
 Audi Q7 3.0 AT,2012, 870 Triệu,Nhập khẩu,SUV,80000,5 cửa,7 chỗ,Xăng,Số tự động
 Peugeot 3008 GT,2022, 1 Tỷ 90 Triệu,Lắp ráp trong nước,Crossover,6000,5 cửa,5 chỗ,Xăng,Số tự động
 Kia Sorento GAT,2016, 529 Triệu,Lắp ráp trong nước,SUV,99999,5 cửa,7 chỗ,Xăng,Số tự động
 Ford Ranger XLS 2.2L 4x2 AT,2015, 445 Triệu,Nhập khẩu,Bán tải / Pickup,90000,4 cửa,5 chỗ,Dầu,Số tự động
 VinFast Fadil 1.4 AT,2021, 329 Triệu,Lắp ráp trong nước,Hatchback,16000,5 cửa,5 chỗ,Xăng,Số tự động
 Toyota Vios 1.5E MT,2020, 425 Triệu,Lắp ráp trong nước,Sedan,45000,4 cửa,5 chỗ,Xăng,Số tay
 Mercedes Benz Maybach S400,2017, 4 Tỷ 950 Triệu,Nhập khẩu,Sedan,30000,4 cửa,5 chỗ,Xăng,Số tự động
 Ford Ranger XLS 2.2L 4x2 AT,2019, 520 Triệu,Nhập khẩu,Bán tải / Pickup,51000,4 cửa,5 chỗ,Dầu,Số tự động
 Mercedes Benz GLC 300 4Matic,2017, 1 Tỷ 480 Triệu,Lắp ráp trong nước,SUV,35000,5 cửa,5 chỗ,Xăng,Số tự động
 Honda CRV L,2019, 825 Triệu,Nhập khẩu,SUV,35000,5 cửa,7 chỗ,Xăng,Số tự động
 VinFast Lux A 2.0 2.0 AT,2021, 629 Triệu,Lắp ráp trong nước,Sedan,43215,4 cửa,5 chỗ,Xăng,Số tự động
 Kia Sorento GATH,2015, 525 Triệu,Lắp ráp trong nước,SUV,132151,5 cửa,7 chỗ,Xăng,Số tự động
 Toyota Camry 2.0Q,2022, 1 Tỷ 115 Triệu,Nhập khẩu,Sedan,22999,5 cửa,5 chỗ,Xăng,Số tự động
 Toyota Fortuner 2.7V 4x2 AT,2014, 455 Triệu,Lắp ráp trong nước,SUV,104000,5 cửa,8 chỗ,Xăng,Số tự động
 Toyota Vios 1.5E,2011, 239 Triệu,Lắp ráp trong nước,Sedan,79000,5 cửa,5 chỗ,Xăng,Số tay
 Audi A5 Sportback 2.0,2015, 919 Triệu,Nhập khẩu,Sedan,75000,4 cửa,5 chỗ,Xăng,Số tự động
 Toyota Yaris 1.5G,2017, 485 Triệu,Nhập khẩu,Hatchback,40000,5 cửa,5 chỗ,Xăng,Số tự động
 Mercedes Benz GLC 300 4Matic,2022, 1 Tỷ 898 Triệu,Lắp ráp trong nước,SUV,19000,5 cửa,5 chỗ,Xăng,Số tự động
 Mazda BT50 Luxury 2.2L 4x2 AT,2021, 510 Triệu,Nhập khẩu,Bán tải / Pickup,20000,4 cửa,5 chỗ,Dầu,Số tự động
 Kia Frontier,2017, 290 Triệu,Lắp ráp trong nước,Truck,81000,2 cửa,3 chỗ,Dầu,Số tay
 Toyota Hilux 2.8L 4x4 AT,2021, 879 Triệu,Nhập khẩu,Bán tải / Pickup,40000,4 cửa,5 chỗ,Dầu,Số tự động
 Hyundai SantaFe Premium 2.2L HTRAC,2020, 958 Triệu,Lắp ráp trong nước,SUV,70000,5 cửa,7 chỗ,Dầu,Số tự động
 Kia Seltos Premium 1.4 AT,2021, 650 Triệu,Lắp ráp trong nước,Crossover,10000,5 cửa,5 chỗ,Xăng,Số tự động
 Peugeot 3008 Active 1.6 AT,2020, 770 Triệu,Lắp ráp trong nước,Crossover,48000,5 cửa,5 chỗ,Xăng,Số tự động
 Kia Seltos Premium 1.4 AT,2021, 650 Triệu,Lắp ráp trong nước,Crossover,10000,5 cửa,5 chỗ,Xăng,Số tự động
 Peugeot 3008 Active 1.6 AT,2020, 770 Triệu,Lắp ráp trong nước,Crossover,48000,5 cửa,5 chỗ,Xăng,Số tự động
 Kia Morning S AT,2018, 348 Triệu,Lắp ráp trong nước,Hatchback,45000,5 cửa,5 chỗ,Xăng,Số tự động
 Hyundai Tucson 2.0 ATH,2017, 660 Triệu,Lắp ráp trong nước,Crossover,68000,5 cửa,5 chỗ,Xăng,Số tự động
 BMW 5 Series 530i,2019, 1 Tỷ 890 Triệu,Nhập khẩu,Sedan,29000,4 cửa,5 chỗ,Xăng,Số tự động
 Mercedes Benz GLC 200 4Matic,2020, 1 Tỷ 599 Triệu,Lắp ráp trong nước,SUV,53000,5 cửa,5 chỗ,Xăng,Số tự động
 Toyota Camry,2003, 195 Triệu,Nhập khẩu,Coupe,135000,0 cửa,0 chỗ,-,-
 Ford Everest Titanium 2.0L 4x4 AT,2020, 989 Triệu,Nhập khẩu,SUV,45000,5 cửa,7 chỗ,Dầu,Số tự động
 Mazda 3 1.5L Luxury,2019, 499 Triệu,Lắp ráp trong nước,Sedan,48000,4 cửa,5 chỗ,Xăng,Số tự động
 Mazda cx3 Luxury 1.5 AT,2021, 580 Triệu,Nhập khẩu,Crossover,28000,5 cửa,5 chỗ,Xăng,Số tự động
 Toyota Corolla altis 2.0V,2011, 366 Triệu,Lắp ráp trong nước,Sedan,100000,4 cửa,5 chỗ,Xăng,Số tự động
 Mitsubishi Xpander 1.5AT,2020, 495 Triệu,Nhập khẩu,Crossover,54000,4 cửa,7 chỗ,Xăng,Số tự động
 Mitsubishi Pajero Sport 4x2 AT,2020, 989 Triệu,Nhập khẩu,SUV,25300,5 cửa,7 chỗ,Dầu,Số tự động
 LandRover Range Rover Sport HSE,2014, 2 Tỷ 150 Triệu,Nhập khẩu,SUV,72000,5 cửa,5 chỗ,Xăng,Số tự động
 Hyundai Elantra 2.0 AT,2018, 510 Triệu,Lắp ráp trong nước,Sedan,39000,4 cửa,5 chỗ,Xăng,Số tự động
 Mercedes Benz GLE Class GLE 450 4Matic,2020, 3 Tỷ 199 Triệu,Nhập khẩu,SUV,30000,5 cửa,7 chỗ,Xăng,Số tự động
 Mazda 6 2.0 AT,2016, 510 Triệu,Lắp ráp trong nước,Sedan,136000,4 cửa,5 chỗ,Xăng,Số tự động
 Toyota Land Cruiser VX 4.6 V8,2015, 2 Tỷ 239 Triệu,Nhập khẩu,SUV,55000,5 cửa,8 chỗ,Xăng,Số tự động
 Renault Koleos 2.5 AT 4WD,2015, 430 Triệu,Nhập khẩu,SUV,78000,5 cửa,5 chỗ,Xăng,Số tự động
 Toyota Vios E 1.5 MT,2022, 435 Triệu,Lắp ráp trong nước,Sedan,18000,4 cửa,5 chỗ,Xăng,Số tay
 Mercedes Benz C class C200,2018, 888 Triệu,Lắp ráp trong nước,Sedan,31000,4 cửa,5 chỗ,Xăng,Số tự động
 Lexus ES 250,2016, 1 Tỷ 430 Triệu,Nhập khẩu,Sedan,57000,4 cửa,5 chỗ,Xăng,Số tự động
 Toyota Camry LE 2.4,2008, 405 Triệu,Nhập khẩu,Sedan,130000,4 cửa,5 chỗ,Xăng,Số tự động
 Hyundai SantaFe At,2019, 900 Triệu,Lắp ráp trong nước,SUV,5100000,5 cửa,7 chỗ,Dầu,Số tự động
 Toyota Venza 2.7,2010, 640 Triệu,Nhập khẩu,Crossover,57000,5 cửa,5 chỗ,Xăng,Số tự động
 Mercedes Benz GLC 200 4Matic,2021, 1 Tỷ 699 Triệu,Lắp ráp trong nước,SUV,13000,5 cửa,5 chỗ,Xăng,Số tự động
 BMW 5 Series 520i,2016, 788 Triệu,Nhập khẩu,Sedan,69201,4 cửa,5 chỗ,Xăng,Số tự động
 Honda CRV L,2019, 845 Triệu,Nhập khẩu,SUV,60000,5 cửa,7 chỗ,Xăng,Số tự động
 Hyundai Accent 1.4 MT,2022, 425 Triệu,Lắp ráp trong nước,Sedan,27000,4 cửa,5 chỗ,Xăng,Số tay
 Kia K3 2.0 AT,2016, 438 Triệu,Lắp ráp trong nước,Sedan,40000,4 cửa,5 chỗ,Xăng,Số tự động
 Hyundai Elantra 1.6 AT,2016, 429 Triệu,Lắp ráp trong nước,Sedan,50000,4 cửa,5 chỗ,Xăng,Số tự động
 Toyota Vios 1.5E MT,2020, 410 Triệu,Lắp ráp trong nước,Sedan,24000,4 cửa,5 chỗ,Xăng,Số tay
 Hyundai SantaFe 2.2L 4WD,2015, 655 Triệu,Lắp ráp trong nước,SUV,100000,5 cửa,7 chỗ,Dầu,Số tự động
 Honda CRV L,2019, 845 Triệu,Nhập khẩu,SUV,60000,5 cửa,7 chỗ,Xăng,Số tự động
 Hyundai Accent 1.4 MT,2022, 425 Triệu,Lắp ráp trong nước,Sedan,27000,4 cửa,5 chỗ,Xăng,Số tay
 Kia K3 2.0 AT,2016, 438 Triệu,Lắp ráp trong nước,Sedan,40000,4 cửa,5 chỗ,Xăng,Số tự động
 Hyundai Elantra 1.6 AT,2016, 429 Triệu,Lắp ráp trong nước,Sedan,50000,4 cửa,5 chỗ,Xăng,Số tự động
 Toyota Vios 1.5E MT,2020, 410 Triệu,Lắp ráp trong nước,Sedan,24000,4 cửa,5 chỗ,Xăng,Số tay
 Hyundai SantaFe 2.2L 4WD,2015, 655 Triệu,Lắp ráp trong nước,SUV,100000,5 cửa,7 chỗ,Dầu,Số tự động
 Mercedes Benz ML Class ML350,2008, 385 Triệu,Nhập khẩu,SUV,90000,5 cửa,7 chỗ,Xăng,Số tự động
 Kia Sorento Signature 2.2 AT AWD,2022, 1 Tỷ 285 Triệu,Lắp ráp trong nước,SUV,10000,5 cửa,7 chỗ,Dầu,Số tự động
 Chevrolet Colorado LTZ 2.5L 4x4 AT,2018, 468 Triệu,Nhập khẩu,Bán tải / Pickup,90000,4 cửa,5 chỗ,Dầu,Số tự động
 Kia Soul 4U 1.6 AT,2009, 305 Triệu,Nhập khẩu,SUV,120000,5 cửa,5 chỗ,Xăng,Số tự động
 Mercedes Benz GLC,2017, 1 Tỷ 179 Triệu,Lắp ráp trong nước,SUV,36000,4 cửa,5 chỗ,Xăng,Số tự động
 Ford Ranger XLS 2.2L 4x2 MT,2017, 435 Triệu,Nhập khẩu,Bán tải / Pickup,90000,4 cửa,5 chỗ,Dầu,Số tay
 Mercedes Benz GLC 200,2022, 1 Tỷ 590 Triệu,Lắp ráp trong nước,SUV,15000,5 cửa,5 chỗ,Xăng,Số tự động
 Mercedes Benz GLC 200,2021, 1 Tỷ 399 Triệu,Lắp ráp trong nước,SUV,18000,5 cửa,5 chỗ,Xăng,Số tự động
 Mazda BT50 2.2L 4x2 ATH,2018, 500 Triệu,Nhập khẩu,Bán tải / Pickup,53000,4 cửa,5 chỗ,Dầu,Số tự động
 Hyundai Kona 1.6 Turbo,2019, 600 Triệu,Lắp ráp trong nước,Crossover,17000,5 cửa,5 chỗ,Xăng,Số tự động
 Toyota Vios 1.5G,2017, 425 Triệu,Lắp ráp trong nước,Sedan,83000,4 cửa,5 chỗ,Xăng,Số tự động
 Hyundai SantaFe Premium 2.4L HTRAC,2020, 885 Triệu,Lắp ráp trong nước,SUV,40000,5 cửa,7 chỗ,Xăng,Số tự động
 Ford Ranger XLS 2.2L 4x2 AT,2020, 555 Triệu,Nhập khẩu,Bán tải / Pickup,39000,4 cửa,5 chỗ,Dầu,Số tự động
 Mitsubishi Attrage 1.2 MT,2021, 325 Triệu,Nhập khẩu,Sedan,18000,4 cửa,5 chỗ,Xăng,Số tay
 Hyundai i10 Grand 1.2 MT Base,2020, 285 Triệu,Lắp ráp trong nước,Sedan,55000,4 cửa,5 chỗ,Xăng,Số tay
 Hyundai Getz Huundai  1.1 MT,2009, 116 Triệu,Nhập khẩu,Hatchback,50,5 cửa,0 chỗ,Xăng,Số tay
 Mercedes Benz GLS 450 4Matic,2021, 4 Tỷ 378 Triệu,Nhập khẩu,SUV,17000,5 cửa,7 chỗ,Xăng,Số tự động
 LandRover Range Rover HSE 3.0,2015, 3 Tỷ 850 Triệu,Nhập khẩu,SUV,40000,5 cửa,5 chỗ,Xăng,Số tự động
 Toyota Innova G,2006, 215 Triệu,Lắp ráp trong nước,Crossover,100000,5 cửa,8 chỗ,Xăng,Số tay
 Hyundai SantaFe 2.2L 4WD,2016, 735 Triệu,Lắp ráp trong nước,SUV,69000,5 cửa,7 chỗ,Dầu,Số tự động
 Ford Ranger XLS 2.2L 4x2 AT,2017, 505 Triệu,Nhập khẩu,Bán tải / Pickup,90000,4 cửa,5 chỗ,Dầu,Số tự động
 Ford Ranger XLS 2.2L 4x2 AT,2019, 545 Triệu,Nhập khẩu,Bán tải / Pickup,56982,4 cửa,5 chỗ,Dầu,Số tự động
 Toyota Vios 1.5E CVT,2019, 439 Triệu,Lắp ráp trong nước,Sedan,32911,4 cửa,5 chỗ,Xăng,Số tự động
 Mercedes Benz E class E200 Sport,2019, 1 Tỷ 388 Triệu,Lắp ráp trong nước,Sedan,19000,4 cửa,5 chỗ,Xăng,Số tự động
 Hyundai SantaFe Cao cấp 2.2L HTRAC,2021, 1 Tỷ 140 Triệu,Lắp ráp trong nước,SUV,34000,5 cửa,7 chỗ,Dầu,Số tự động
 Mercedes Benz GLC 300 4Matic,2018, 1 Tỷ 278 Triệu,Lắp ráp trong nước,SUV,22000,5 cửa,5 chỗ,Xăng,Số tự động
 Kia Morning,2013, 235 Triệu,Lắp ráp trong nước,Hatchback,94000,5 cửa,5 chỗ,Xăng,Số tự động
 Mazda CX8 Luxury,2022, 915 Triệu,Lắp ráp trong nước,SUV,12000,5 cửa,7 chỗ,Xăng,Số tự động
 Lexus LX 570,2013, 3 Tỷ 550 Triệu,Nhập khẩu,SUV,59000,5 cửa,7 chỗ,Xăng,Số tự động
 Lexus LX 570,2010, 2 Tỷ 180 Triệu,Nhập khẩu,SUV,100000,5 cửa,7 chỗ,Xăng,Số tự động
 Hyundai Tucson 2.0 AT Đặc biệt,2021, 785 Triệu,Lắp ráp trong nước,Crossover,27000,5 cửa,5 chỗ,Xăng,Số tự động
 Hyundai Tucson 2.0 ATH,2020, 750 Triệu,Lắp ráp trong nước,Crossover,49000,5 cửa,5 chỗ,Xăng,Số tự động
 Toyota Innova 2.0G,2019, 648 Triệu,Lắp ráp trong nước,Crossover,90000,5 cửa,8 chỗ,Xăng,Số tự động
 Mazda CX8 Luxury,2022, 915 Triệu,Lắp ráp trong nước,SUV,12000,5 cửa,7 chỗ,Xăng,Số tự động
 Lexus LX 570,2013, 3 Tỷ 550 Triệu,Nhập khẩu,SUV,59000,5 cửa,7 chỗ,Xăng,Số tự động
 Lexus LX 570,2010, 2 Tỷ 180 Triệu,Nhập khẩu,SUV,100000,5 cửa,7 chỗ,Xăng,Số tự động
 Hyundai Tucson 2.0 AT Đặc biệt,2021, 785 Triệu,Lắp ráp trong nước,Crossover,27000,5 cửa,5 chỗ,Xăng,Số tự động
 Hyundai Tucson 2.0 ATH,2020, 750 Triệu,Lắp ráp trong nước,Crossover,49000,5 cửa,5 chỗ,Xăng,Số tự động
 Toyota Innova 2.0G,2019, 648 Triệu,Lắp ráp trong nước,Crossover,90000,5 cửa,8 chỗ,Xăng,Số tự động
 Toyota Innova E,2013, 350 Triệu,Lắp ráp trong nước,SUV,18000,5 cửa,8 chỗ,Xăng,Số tay
 Kia Seltos Luxury 1.4 AT,2020, 625 Triệu,Lắp ráp trong nước,Crossover,30000,5 cửa,5 chỗ,Xăng,Số tự động
 Mercedes Benz GLB 35 4Matic,2022, 2 Tỷ 699 Triệu,Nhập khẩu,SUV,2586,5 cửa,7 chỗ,Xăng,Số tự động
 Honda CRV L,2018, 760 Triệu,Nhập khẩu,SUV,58000,5 cửa,7 chỗ,Xăng,Số tự động
 Lexus LS 600hL,2008, 1 Tỷ 50 Triệu,Nhập khẩu,Sedan,68000,4 cửa,5 chỗ,Hybrid,Số tự động
 Audi Q8 55 TF,S,"Line Quattro 
						2020
						",Nhập khẩu,SUV,30000,5 cửa,5 chỗ,Xăng,Số tự động
 Mercedes Benz C class C200 Exclusive,2019, 1 Tỷ 199 Triệu,Lắp ráp trong nước,Sedan,32000,4 cửa,5 chỗ,Xăng,Số tự động
 Mazda 3 1.5L Luxury,2019, 550 Triệu,Lắp ráp trong nước,Sedan,20000,4 cửa,5 chỗ,Xăng,Số tự động
 Hyundai SantaFe Cao cấp 2.5L HTRAC,2021, 1 Tỷ 79 Triệu,Lắp ráp trong nước,SUV,29000,5 cửa,7 chỗ,Xăng,Số tự động
 Kia Cerato 2.0 AT Premium,2019, 560 Triệu,Lắp ráp trong nước,Sedan,50000,4 cửa,5 chỗ,Xăng,Số tự động
 Kia Rio 1.4MT,2016, 290 Triệu,Nhập khẩu,Sedan,70000,4 cửa,5 chỗ,Xăng,Số tay
 Mercedes Benz E class E200 Exclusive,2022, 1 Tỷ 939 Triệu,Lắp ráp trong nước,Sedan,10500,4 cửa,5 chỗ,Xăng,Số tự động
 Mercedes Benz E class E300 AMG,2020, 1 Tỷ 889 Triệu,Lắp ráp trong nước,Sedan,36000,4 cửa,5 chỗ,Xăng,Số tự động
 Hyundai Accent 1.4 AT Đặc Biệt,2021, 495 Triệu,Lắp ráp trong nước,Sedan,20000,4 cửa,5 chỗ,Xăng,Số tự động
 VinFast Fadil 1.4 AT,2020, 305 Triệu,Lắp ráp trong nước,Hatchback,45000,5 cửa,5 chỗ,Xăng,Số tự động
 Kia Soluto Luxury,2022, 455 Triệu,Lắp ráp trong nước,Sedan,5000,4 cửa,5 chỗ,Xăng,Số tự động
 Ford EcoSport Titanium 1.5L AT,2018, 468 Triệu,Lắp ráp trong nước,SUV,42000,5 cửa,5 chỗ,Xăng,Số tự động
 VinFast Lux SA 2.0 2.0 AT,2020, 730 Triệu,Lắp ráp trong nước,SUV,22000,5 cửa,7 chỗ,Xăng,Số tự động
 Mitsubishi Triton Athlete 4x2 AT,2022, 780 Triệu,Nhập khẩu,Bán tải / Pickup,15000,4 cửa,5 chỗ,Dầu,Số tự động
 Mazda CX5 2.5 AT 2WD,2018, 670 Triệu,Lắp ráp trong nước,SUV,55000,5 cửa,5 chỗ,Xăng,Số tự động
 Ford Focus Titanium 2.0 AT,2014, 395 Triệu,Lắp ráp trong nước,Sedan,63000,4 cửa,5 chỗ,Xăng,Số tự động
 Hyundai Tucson 2.0 AT CRDi Đặc biệt,2021, 815 Triệu,Lắp ráp trong nước,Crossover,50000,5 cửa,5 chỗ,Dầu,Số tự động
 Toyota Fortuner 2.5G,2012, 488 Triệu,Lắp ráp trong nước,SUV,120000,5 cửa,8 chỗ,Dầu,Số tay
 Toyota Rush 1.5S AT,2020, 519 Triệu,Nhập khẩu,SUV,28000,5 cửa,7 chỗ,Xăng,Số tự động
 Hyundai Elantra 2.0 AT,2017, 460 Triệu,Lắp ráp trong nước,Sedan,53000,4 cửa,5 chỗ,Xăng,Số tự động
 Mazda 3 1.5L Sport Premium,2020, 625 Triệu,Lắp ráp trong nước,Hatchback,30000,5 cửa,5 chỗ,Xăng,Số tự động
 Toyota Fortuner 2.5G,2011, 456 Triệu,Lắp ráp trong nước,SUV,98000,5 cửa,8 chỗ,Dầu,Số tay
 Toyota Vios 1.5G,2020, 468 Triệu,Lắp ráp trong nước,Sedan,45000,4 cửa,5 chỗ,Xăng,Số tự động
 Kia Sorento 4x2G AT,2017, 489 Triệu,Lắp ráp trong nước,Crossover,76000,5 cửa,7 chỗ,Xăng,Số tự động
 Kia Sorento 4x2G AT,2017, 489 Triệu,Lắp ráp trong nước,Crossover,76000,5 cửa,7 chỗ,Xăng,Số tự động
 Hyundai Kona 2.0 ATH,2018, 535 Triệu,Lắp ráp trong nước,Crossover,45000,5 cửa,5 chỗ,Xăng,Số tự động
 LandRover Range Rover Black Edition,2014, 4 Tỷ 200 Triệu,Nhập khẩu,SUV,39000,5 cửa,4 chỗ,Xăng,Số tự động
 Honda City 1.5TOP,2019, 469 Triệu,Lắp ráp trong nước,Sedan,26000,4 cửa,5 chỗ,Xăng,Số tự động
 Ford EcoSport Titanium 1.5L AT,2015, 365 Triệu,Lắp ráp trong nước,SUV,56000,5 cửa,5 chỗ,Xăng,Số tự động
 Ford EcoSport Titanium 1.5L AT,2016, 385 Triệu,Lắp ráp trong nước,SUV,61000,5 cửa,5 chỗ,Xăng,Số tự động
 Mitsubishi Pajero Sport 2.4D 4x2 AT,2019, 815 Triệu,Nhập khẩu,SUV,63000,5 cửa,7 chỗ,Dầu,Số tự động
 Mazda 6 2.5 AT,2014, 470 Triệu,Lắp ráp trong nước,Sedan,70000,4 cửa,5 chỗ,Xăng,Số tự động
 Mazda 6 2.5 AT,2015, 479 Triệu,Lắp ráp trong nước,Sedan,63000,4 cửa,5 chỗ,Xăng,Số tự động
 Mazda 3 S 1.6 AT,2014, 368 Triệu,Lắp ráp trong nước,Sedan,81000,4 cửa,5 chỗ,Xăng,Số tự động
 Mazda 3 1.5L Luxury,2022, 635 Triệu,Lắp ráp trong nước,Sedan,12000,4 cửa,5 chỗ,Xăng,Số tự động
 Toyota Camry 2.0G,2022, 999 Triệu,Nhập khẩu,Sedan,7000,4 cửa,5 chỗ,Xăng,Số tự động
 Toyota Highlander LE 2.7,2014, 1 Tỷ 80 Triệu,Nhập khẩu,SUV,47000,5 cửa,7 chỗ,Xăng,Số tự động
 Hyundai Accent MT,2022, 445 Triệu,Lắp ráp trong nước,Sedan,10000,4 cửa,5 chỗ,Xăng,Số tay
 Mercedes Benz C class C200 Exclusive,2020, 1 Tỷ 239 Triệu,Lắp ráp trong nước,Sedan,24000,4 cửa,5 chỗ,Xăng,Số tự động
 Kia Carnival Luxury 2.2D,2021, 1 Tỷ 165 Triệu,Lắp ráp trong nước,Van/Minivan,18000,5 cửa,8 chỗ,Dầu,Số tự động
 Nissan Maxima 3.0 AT,2007, 288 Triệu,Nhập khẩu,Sedan,120000,4 cửa,5 chỗ,Xăng,Số tự động
 Mercedes Benz C class C250 Exclusive,2015, 689 Triệu,Lắp ráp trong nước,Sedan,112000,4 cửa,4 chỗ,Xăng,Số tự động
 Mercedes Benz E class E300 AMG,2021, 2 Tỷ 288 Triệu,Lắp ráp trong nước,Sedan,24000,4 cửa,5 chỗ,Xăng,Số tự động
 Mercedes Benz C class C200,2019, 1 Tỷ 88 Triệu,Lắp ráp trong nước,Sedan,17900,4 cửa,5 chỗ,Xăng,Số tự động
 Mazda 3 1.5 AT,2018, 489 Triệu,Lắp ráp trong nước,Sedan,62538,4 cửa,5 chỗ,Xăng,Số tự động
 Rolls Royce Cullinan,2019, 18 Tỷ,Nhập khẩu,SUV,40000,5 cửa,4 chỗ,Xăng,Số tự động
 Kia Soluto 1.4 AT Deluxe,2020, 355 Triệu,Lắp ráp trong nước,Sedan,63000,4 cửa,5 chỗ,Xăng,Số tự động
 Hyundai Elantra MT,2021, 470 Triệu,Lắp ráp trong nước,Sedan,10000,4 cửa,5 chỗ,Xăng,Số tay
 Ford Focus S 2.0 AT,2015, 389 Triệu,Lắp ráp trong nước,Hatchback,55000,5 cửa,5 chỗ,Xăng,Số tự động
 BMW 7 Series 730Li,2018, 2 Tỷ 550 Triệu,Nhập khẩu,Sedan,29000,4 cửa,5 chỗ,Xăng,Số tự động
 Ford Ranger XLS AT,2021, 578 Triệu,Nhập khẩu,Bán tải / Pickup,26000,4 cửa,5 chỗ,Dầu,Số tự động
 Lexus RX 300,2020, 2 Tỷ 750 Triệu,Nhập khẩu,SUV,42000,5 cửa,5 chỗ,Xăng,Số tự động
 Mercedes Benz Maybach S450 4Matic,2020, 5 Tỷ 789 Triệu,Nhập khẩu,Sedan,17000,4 cửa,5 chỗ,Xăng,Số tự động
 Mercedes Benz C class C200,2011, 415 Triệu,Lắp ráp trong nước,Sedan,90000,4 cửa,5 chỗ,Xăng,Số tự động
 Volvo XC60,2019, 1 Tỷ 550 Triệu,Nhập khẩu,SUV,35000,5 cửa,5 chỗ,Xăng,Số tự động
 Mercedes Benz C class C200 Exclusive,2021, 1 Tỷ 339 Triệu,Lắp ráp trong nước,Sedan,6600,0 cửa,0 chỗ,-,-
 Mercedes Benz E class E300 AMG,2021, 2 Tỷ 289 Triệu,Lắp ráp trong nước,Sedan,25000,4 cửa,5 chỗ,Xăng,Số tự động
 Mitsubishi Xpander Cross 1.5 AT,2020, 586 Triệu,Nhập khẩu,SUV,35,5 cửa,7 chỗ,Xăng,Số tự động
 Mercedes Benz GLC  200,2022, 1 Tỷ 589 Triệu,Lắp ráp trong nước,SUV,8000,0 cửa,0 chỗ,-,-
 Mercedes Benz E class E300,2020, 1 Tỷ 899 Triệu,Lắp ráp trong nước,Sedan,36000,0 cửa,0 chỗ,-,-
 Mercedes Benz GLC 300 4Matic,2021, 1 Tỷ 899 Triệu,Lắp ráp trong nước,SUV,26000,5 cửa,5 chỗ,Xăng,Số tự động
 Mercedes Benz GLC 300 4Matic,2020, 1 Tỷ 699 Triệu,Lắp ráp trong nước,SUV,320000,5 cửa,5 chỗ,Xăng,Số tự động
 Mercedes Benz GLC 200 4Matic,2021, 1 Tỷ 639 Triệu,Lắp ráp trong nước,SUV,26000,5 cửa,5 chỗ,Xăng,Số tự động
 Mazda 6 2.5 AT,2014, 460 Triệu,Lắp ráp trong nước,Sedan,65000,4 cửa,5 chỗ,Xăng,Số tự động
 Mitsubishi Xpander Cross 1.5 AT,2020, 588 Triệu,Nhập khẩu,SUV,29000,5 cửa,7 chỗ,Xăng,Số tự động
 Hyundai Accent 1.4 AT Đặc Biệt,2021, 495 Triệu,Lắp ráp trong nước,Sedan,22000,5 cửa,5 chỗ,Xăng,Số tự động
 Mercedes Benz GLS 450 4Matic,2021, 4 Tỷ 379 Triệu,Nhập khẩu,SUV,11288,5 cửa,7 chỗ,Xăng,Số tự động
 Mercedes Benz E class E300 AMG,2020, 1 Tỷ 838 Triệu,Lắp ráp trong nước,Sedan,8000,4 cửa,5 chỗ,Xăng,Số tự động
 Kia Seltos 1.4 Deluxe,2021, 535 Triệu,Lắp ráp trong nước,SUV,53000,0 cửa,5 chỗ,Xăng,Số tự động
 Toyota Vios 1.5G,2017, 415 Triệu,Lắp ráp trong nước,Sedan,60000,4 cửa,5 chỗ,Xăng,Số tự động
 Mercedes Benz GLC 300 4Matic,2022, 2 Tỷ 369 Triệu,Lắp ráp trong nước,SUV,400,5 cửa,5 chỗ,Xăng,Số tự động
 Kia Cerato 1.6 AT,2016, 429 Triệu,Lắp ráp trong nước,Sedan,65000,4 cửa,5 chỗ,Xăng,Số tự động
